DREN-ET,ETABLISSEMENTS,STATUT
ABENGOUROU,C. ESPERANCE ABENGOUROU (EX DEVELOPPEMENT DES ETATS D'AFRIQUE),PRIVE
ABENGOUROU,COLLEGE NOTRE DAME DE TOUTES LES GRACES Agnibilékrou,PRIVE
ABENGOUROU,COLLEGE CATHOLIQUE KIRMANN ABENGOUROU,PRIVE
ABENGOUROU,COLLEGE DES PROFESSEURS NIABLE,PRIVE
ABENGOUROU,COLLEGE EKRA MATHIEU AGNIBILÉKROU,PRIVE
ABENGOUROU,COLLEGE JEAN MARIE ADIAFFI Abengourou,PRIVE
ABENGOUROU,COLLEGE MODERNE ABENGOUROU,PUBLIC
ABENGOUROU,COLLEGE MODERNE AGNIBILEKROU,PUBLIC
ABENGOUROU,COLLEGE MODERNE AMELEKIA,PUBLIC
ABENGOUROU,COLLEGE MODERNE AMOIKON DIHYÉ ABENGOUROU,PRIVE
ABENGOUROU,COLLEGE MODERNE ANIASSUE,PUBLIC
ABENGOUROU,COLLEGE MODERNE APPROMPRONOU,PUBLIC
ABENGOUROU,COLLEGE MODERNE EBILASSOKRO,PUBLIC
ABENGOUROU,COLLEGE MODERNE PRIVE EBIAPA EBILASSOKRO,PRIVE
ABENGOUROU,COLLEGE MODERNE TANGUELAN,PUBLIC
ABENGOUROU,COLLEGE MODERNE YAKASSÉ-FEYASSÉ ABENGOUROU,PUBLIC
ABENGOUROU,COLLEGE MODERNE ZARANOU,PUBLIC
ABENGOUROU,COLLEGE MUNICIPAL BETTIE,PUBLIC
ABENGOUROU,COLLEGE MUPES AGNIBILEKROU,PRIVE
ABENGOUROU,COLLEGE NANAN AGNINI AGNIBILEKROU,PRIVE
ABENGOUROU,COLLEGE NOTRE DAME DE L'INDENIE ABENGOUROU,PRIVE
ABENGOUROU,COLLEGE REINE NOUFAN ABENGOUROU,PRIVE
ABENGOUROU,COLLEGE ROYAL INDENIE Abengourou,PRIVE
ABENGOUROU,COLLEGE SAINT JOSEPH ABENGOUROU,PRIVE
ABENGOUROU,INSTITUT SCOLAIRE LA COURONNE,PRIVE
ABENGOUROU,INSTITUT SECONDAIRE AUGUSTE COMTE ABENGOUROU,PRIVE
ABENGOUROU,LYCEE DEPARTEMENTAL ROI BONZOU II ABENGOUROU,PUBLIC
ABENGOUROU,LYCEE MODERNE ABENGOUROU,PUBLIC
ABENGOUROU,LYCEE MODERNE AGNIBILEKROU,PUBLIC
ABENGOUROU,LYCEE NANAN KOUAKOU KOUAO NIABLE(ex LYCEE MUNICIPAL NIABLE),PUBLIC
ABIDJAN 1,C.N.P.T.E. ABIDJAN,PUBLIC
ABIDJAN 1,COLEGE SAINT PIERRE CHARLES COCODY RIVIERA,PRIVE
ABIDJAN 1,COLLEGE ANDRE MALRAUX RIVIERA ( COCODY),PRIVE
ABIDJAN 1,COLLEGE DJASSAYE NIANGORAN (CDN) Adjamé,PRIVE
ABIDJAN 1,COLLEGE FIGUIER,PRIVE
ABIDJAN 1,COLLEGE INTER FRED & POPPEE,PRIVE
ABIDJAN 1,COLLEGE JEAN PAUL SARTRE Adjamé,PRIVE
ABIDJAN 1,COLLEGE KEMA COCODY Angré,PRIVE
ABIDJAN 1,COLLEGE LA PEROUSE Cocody,PRIVE
ABIDJAN 1,COLLEGE LE CONQUERANT BINGERVILLE,PRIVE
ABIDJAN 1,COLLEGE LE GRAND II ADJAMÉ (ex-la concorde),PRIVE
ABIDJAN 1,COLLEGE LE PANTHEON WILLIAMSVILLE,PRIVE
ABIDJAN 1,COLLEGE LE PHENIX Cocody,PRIVE
ABIDJAN 1,COLLEGE MAKAN TRAORE ADJAME,PRIVE
ABIDJAN 1,COLLEGE MODERNE BINGERVILLE,PUBLIC
ABIDJAN 1,COLLEGE MODERNE COCODY,PUBLIC
ABIDJAN 1,COLLEGE MODERNE PLATEAU,PUBLIC
ABIDJAN 1,COLLEGE MONTHERLANT ADJAME,PRIVE
ABIDJAN 1,COLLEGE NOTRE DAME PLATEAU,PRIVE
ABIDJAN 1,COLLEGE PRIVE HARMONIE DES VAINQUEURS 2 Adjamé,PRIVE
ABIDJAN 1,COLLEGE PRIVE NOKAN Adjamé,PRIVE
ABIDJAN 1,COLLEGE PRIVE OCEAN COCODY,PRIVE
ABIDJAN 1,COLLEGE SAINT BERNARD ADJAME,PRIVE
ABIDJAN 1,COLLEGE SAINT CYRILLE BINGERVILLE,PRIVE
ABIDJAN 1,COLLEGE SAINT VIATEUR COCODY,PRIVE
ABIDJAN 1,COLLEGE SAINTE CAMILLE COCODY,PRIVE
ABIDJAN 1,COLLEGE SANTA ANNA COCODY,PRIVE
ABIDJAN 1,COLLEGE VENEZUA COCODY,PRIVE
ABIDJAN 1,COLLEGE VICTOR HUGO ADJAME,PRIVE
ABIDJAN 1,COLLEGE VICTOR LOBA'D COCODY ANGRÉ,PRIVE
ABIDJAN 1,COLLEGE VICTOR SCHOELCHER ADJAME,PRIVE
ABIDJAN 1,COLLEGE VICTOR SCHOELCHER RIVIERA,PRIVE
ABIDJAN 1,COURS LOBA ADJAME,PRIVE
ABIDJAN 1,COURS SECONDAIRE CATHOLIQUE BINGERVILLE,PRIVE
ABIDJAN 1,COURS SECONDAIRE METHODISTE DE COCODY,PRIVE
ABIDJAN 1,COURS SECONDAIRE METHODISTE DU PLATEAU,PRIVE
ABIDJAN 1,E.M.P.T BINGERVILLE,PUBLIC
ABIDJAN 1,ECOLE CHRETIENNE LA SEMENCE COCODY BONOMIN,PRIVE
ABIDJAN 1,ETABLISSEMENT d'APPLICATION JEAN PIAGET DE l'E.N.S.,PUBLIC
ABIDJAN 1,GROUPE MISA COCODY,PRIVE
ABIDJAN 1,GROUPE SCOLAIRE JULES FERRY COCODY,PRIVE
ABIDJAN 1,GROUPE SCOLAIRE AL GHADIR COCODY M'Pouto,PRIVE
ABIDJAN 1,GROUPE SCOLAIRE AVICENNE RIVIERA,PRIVE
ABIDJAN 1,GROUPE SCOLAIRE COMMANDANT COUSTEAU COCODY,PRIVE
ABIDJAN 1,GROUPE SCOLAIRE DJEKAT IGNACE DE LOYOLA BINGERVILLE,PRIVE
ABIDJAN 1,GROUPE SCOLAIRE LA FARANDOLE 2 PLATEAUX,PRIVE
ABIDJAN 1,GROUPE SCOLAIRE L'ARDOISE RIVIERA-III,PRIVE
ABIDJAN 1,GROUPE SCOLAIRE LES DAUPHINS 2 PLATEAUX,PRIVE
ABIDJAN 1,GROUPE SCOLAIRE LONNY ROSE COCODY 7ème Tranche,PRIVE
ABIDJAN 1,GROUPE SCOLAIRE LOUIS NICOLLIN COCODY RIVIERA Palméraie,PRIVE
ABIDJAN 1,GROUPE SCOLAIRE PRIVE PROSPER MERIMEE Cocody,PRIVE
ABIDJAN 1,GROUPE SCOLAIRE SAFAK COCODY,PRIVE
ABIDJAN 1,GROUPE SCOLAIRE THANON NAMANKO Cocody 2 Plateaux,PRIVE
ABIDJAN 1,GROUPE SCOLAIRE TRAYE BERNARD Cocody Angré,PRIVE
ABIDJAN 1,INSTITUT CHARLES LE ROY Cocody Riv.,PRIVE
ABIDJAN 1,INSTITUT SACRE COEUR D'ADJAME (ISCA),PRIVE
ABIDJAN 1,INSTITUT SAMAKE ADJAME,PRIVE
ABIDJAN 1,INSTITUT SCOLAIRE LAVOISIER COCODY ANGRE,PRIVE
ABIDJAN 1,INSTITUT SCOLAIRE PRIVÉ MALACHIE ADJAMÉ,PRIVE
ABIDJAN 1,LYCEE CLASSIQUE ABIDJAN,PUBLIC
ABIDJAN 1,LYCEE MAMIE FAITAI BINGERVILLE,PUBLIC
ABIDJAN 1,LYCEE MODERNE 1 NANGUI ABROGOUA ADJAME,PUBLIC
ABIDJAN 1,LYCEE MODERNE 2 NANGUI ABROGOUA ADJAME,PUBLIC
ABIDJAN 1,LYCEE MODERNE ADJAME HARRIS,PUBLIC
ABIDJAN 1,LYCEE MODERNE COCODY ANGRE,PUBLIC
ABIDJAN 1,LYCEE MODERNE DJEDJI AMONDJI PIERRE ADJAME 220 LOGEMENTS,PUBLIC
ABIDJAN 1,LYCEE MODERNE GARCONS GNALEBA Mémé Jérémie BINGERVILLE,PUBLIC
ABIDJAN 1,LYCEE MUNICIPAL D'ADJAME-WILLIAMVILLE,PUBLIC
ABIDJAN 1,LYCEE SAINTE MARIE ABIDJAN,PUBLIC
ABIDJAN 2,C.E.S KOUMASSI,PRIVE
ABIDJAN 2,CFPC LOKO MARCORY,PRIVE
ABIDJAN 2,COLLEGE ADVENTISTE D'ABIDJAN,PRIVE
ABIDJAN 2,COLLEGE AHILE,PRIVE
ABIDJAN 2,COLLEGE AJAVON ET DAVI KOUMASSI,PRIVE
ABIDJAN 2,COLLEGE ALFRED NOBEL MARCORY,PRIVE
ABIDJAN 2,COLLEGE ATLANTIQUE Port-Bouët,PRIVE
ABIDJAN 2,COLLEGE BAPTISTE MONT SINAÏ KOUMASSI,PRIVE
ABIDJAN 2,COLLEGE BERETHE MARCORY,PRIVE
ABIDJAN 2,COLLEGE DESCARTES Zone 4C MARCORY,PRIVE
ABIDJAN 2,COLLEGE ESTHER,PRIVE
ABIDJAN 2,COLLEGE FRANTZ FANON KOUMASSI,PRIVE
ABIDJAN 2,COLLEGE GEDEON MARCORY,PRIVE
ABIDJAN 2,COLLEGE JULES RONSARD 2 PORT-BOUET,PRIVE
ABIDJAN 2,COLLEGE JULES VALLES KOUMASSI,PRIVE
ABIDJAN 2,COLLEGE LA COLOMBE KOUMASSI,PRIVE
ABIDJAN 2,COLLEGE LE PETIT COLLEGE KOUMASSI,PRIVE
ABIDJAN 2,COLLEGE LE ROI DES ROIS KOUMASSI,PRIVE
ABIDJAN 2,COLLEGE LES OLIVIERS DE Port-Bouët,PRIVE
ABIDJAN 2,COLLEGE MODERNE AUTOROUTE TREICHVILLE,PUBLIC
ABIDJAN 2,COLLEGE MODERNE BAD KOUMASSI,PUBLIC
ABIDJAN 2,COLLEGE MODERNE LA SILHOUETTE,PRIVE
ABIDJAN 2,COLLEGE MODERNE LA VOLIERE Marcory,PRIVE
ABIDJAN 2,COLLEGE MODERNE MALLET,PRIVE
ABIDJAN 2,COLLEGE MODERNE SAINTE ALLIANCE (Ex Mahoussa) Koumassi,PRIVE
ABIDJAN 2,COLLEGE MONTAIGNE MARCORY,PRIVE
ABIDJAN 2,COLLEGE MORIJA TREICHVILLE,PRIVE
ABIDJAN 2,COLLEGE NEOPHYTE 2 KOUMASSI,PRIVE
ABIDJAN 2,COLLEGE NEOPHYTE VRIDI,PRIVE
ABIDJAN 2,COLLEGE NOTRE DAME D'AFRIQUE BIETRY,PRIVE
ABIDJAN 2,COLLEGE NOTRE DAME DES LAGUNES,PRIVE
ABIDJAN 2,COLLEGE PASCAL KOUMASSI,PRIVE
ABIDJAN 2,COLLEGE PIERRE ET MARIE CURIE PORT-BOUET,PRIVE
ABIDJAN 2,COLLEGE PRIVÉ ABRAHAM Port-Bouet,PRIVE
ABIDJAN 2,COLLEGE PRIVE EZECHIAS 2 PORT-BOUËT,PRIVE
ABIDJAN 2,COLLEGE PRIVE GNAGNE AGNES Marcory,PRIVE
ABIDJAN 2,COLLEGE PRIVE KPASSA PORT-BOUËT,PRIVE
ABIDJAN 2,COLLEGE PRIVE LE BELIER,PRIVE
ABIDJAN 2,COLLEGE SAFOP ZONE 4C MARCORY,PRIVE
ABIDJAN 2,COLLEGE SAINT ELYSEE MARCORY,PRIVE
ABIDJAN 2,COLLEGE SAINT EXUPERY PORT-BOUET,PRIVE
ABIDJAN 2,COLLEGE SAINT JEAN BOSCO TREICHVILLE,PRIVE
ABIDJAN 2,COLLEGE SAINT MAURICE D'ALICOT KOUMASSI,PRIVE
ABIDJAN 2,COLLEGE SAINTE NANCY MARCORY,PRIVE
ABIDJAN 2,COLLEGE SOCIAL SIMONE GBAGBO PORT- BOUËT ADJOUFFOU,PRIVE
ABIDJAN 2,COLLEGE TREICH-LAPLENE TREICHVILLE,PRIVE
ABIDJAN 2,COLLEGE VICTOR LOBA'D MARCORY,PRIVE
ABIDJAN 2,COLLEGE VOLTAIRE MARCORY,PRIVE
ABIDJAN 2,COLLEGE VOLTAIRE TREICHVILLE,PRIVE
ABIDJAN 2,COURS SECONDAIRE MARIE HOULDA MARCORY GFCI,PRIVE
ABIDJAN 2,COURS SECONDAIRE METHODISTE Koumassi,PRIVE
ABIDJAN 2,COURS SECONDAIRE SAINTE THERESE KOUMASSI,PRIVE
ABIDJAN 2,ECOLE LIBANAISE EN COTE D'IVOIRE MARCORY,PRIVE
ABIDJAN 2,GROUPE SCOLAIRE ALPHA ZONE 4,PRIVE
ABIDJAN 2,GROUPE SCOLAIRE BETHESDA PORT-BOUET,PRIVE
ABIDJAN 2,GROUPE SCOLAIRE CELESTE Port-Bouët,PRIVE
ABIDJAN 2,GROUPE SCOLAIRE DES ARTS ET METIERS,PRIVE
ABIDJAN 2,GROUPE SCOLAIRE DIETO,PRIVE
ABIDJAN 2,GROUPE SCOLAIRE EMMANUEL PORT-BOUET,PRIVE
ABIDJAN 2,GROUPE SCOLAIRE ENTENTE KOUMASSI,PRIVE
ABIDJAN 2,GROUPE SCOLAIRE LE BON SAMARITAIN KOUMASSI,PRIVE
ABIDJAN 2,GROUPE SCOLAIRE LES ROITELETS PORT-BOUET Gonzagueville,PRIVE
ABIDJAN 2,GROUPE SCOLAIRE MATHEMESSAN ET FRERES PORT-BOUET,PRIVE
ABIDJAN 2,GROUPE SCOLAIRE SAINT CYR 2 PORT-BOUET,PRIVE
ABIDJAN 2,GROUPE SCOLAIRE SAINT CYR DE GONZAGUEVILLE,PRIVE
ABIDJAN 2,GROUPE SCOLAIRE SAINTE REVELATION PORT-BOUËT,PRIVE
ABIDJAN 2,INSTITUT ALBERT EINSTEIN Koumassi,PRIVE
ABIDJAN 2,INSTITUT FROEBEL MARCORY,PRIVE
ABIDJAN 2,INSTITUT LIBANAIS D'ENSEIGNEMENT TREICHVILLE,PRIVE
ABIDJAN 2,INSTITUT SAINTE COLETTE KOUMASSI,PRIVE
ABIDJAN 2,INSTITUT SECONDAIRE GENERAL LA COLOMBE KOUMASSI,PRIVE
ABIDJAN 2,INSTITUT TRAORE ADAMA KOUMASSI,PRIVE
ABIDJAN 2,ISPAM PORT-BOUET,PRIVE
ABIDJAN 2,LYCEE MODERNE KOUMASSI,PUBLIC
ABIDJAN 2,LYCEE MODERNE PORT-BOUET,PUBLIC
ABIDJAN 2,LYCEE MODERNE TREICHVILLE,PUBLIC
ABIDJAN 2,LYCEE MUNICIPAL 1 KOUMASSI,PUBLIC
ABIDJAN 2,LYCEE MUNICIPAL 2 KOUMASSI,PUBLIC
ABIDJAN 2,LYCEE MUNICIPAL MARCORY,PUBLIC
ABIDJAN 2,LYCEE MUNICIPAL PORT-BOUET,PUBLIC
ABIDJAN 3,C. MITSPA YOPOUGON,PRIVE
ABIDJAN 3,C.C. JOSEPH GARNIER,PRIVE
ABIDJAN 3,C.S.M. YOPOUGON,PRIVE
ABIDJAN 3,COLLEGE AIME CESAIRE YOPOUGON,PRIVE
ABIDJAN 3,COLLEGE ALBERT SCHWEITZER Songon M'Braté,PRIVE
ABIDJAN 3,COLLEGE AMADOU HAMPATE BA Yopougon,PRIVE
ABIDJAN 3,COLLEGE ANADOR YOPOUGON,PRIVE
ABIDJAN 3,COLLEGE ANDRE GIDE YOPOUGON,PRIVE
ABIDJAN 3,COLLEGE AUTOROUTE DU NORD YOPOUGON GESCO,PRIVE
ABIDJAN 3,COLLEGE CARNOT NIANGON-YOPOUGON,PRIVE
ABIDJAN 3,COLLEGE CIEL PLURIEL,PRIVE
ABIDJAN 3,COLLEGE CIPIM YOPOUGON,PRIVE
ABIDJAN 3,COLLEGE D. BAZ YOPOUGON,PRIVE
ABIDJAN 3,COLLEGE DE LA BELLE CITE,PRIVE
ABIDJAN 3,COLLEGE DES JEUNES FILLES SINGA YOPOUGON Toits Rouges,PRIVE
ABIDJAN 3,COLLEGE DORIAN,PRIVE
ABIDJAN 3,COLLEGE EMMAÜS YOPOUGON JERUSALEM,PRIVE
ABIDJAN 3,COLLEGE FATOUMA BA YOPOUGON,PRIVE
ABIDJAN 3,COLLEGE FRELEC SCOLAIRE YOPOUGON,PRIVE
ABIDJAN 3,COLLEGE GALILEE,PRIVE
ABIDJAN 3,COLLEGE GUCHANROLAIN YOPOUGON,PRIVE
ABIDJAN 3,COLLEGE I.P.E.S YOPOUGON,PRIVE
ABIDJAN 3,COLLEGE JEAN FRANCOIS LIONEL YOPOUGON,PRIVE
ABIDJAN 3,COLLEGE JEAN ROSTAND,PRIVE
ABIDJAN 3,COLLEGE JEANNE DE CAVALLY YOPOUGON ANDOKOI,PRIVE
ABIDJAN 3,COLLEGE KANOU,PRIVE
ABIDJAN 3,COLLEGE KONE IDRISSA YOPOUGON,PRIVE
ABIDJAN 3,COLLEGE KOUADIO APPIA,PRIVE
ABIDJAN 3,COLLEGE LA BAGOUE YOPOUGON,PRIVE
ABIDJAN 3,COLLEGE LA SORBONNE,PRIVE
ABIDJAN 3,COLLEGE LAMA FOFANA ATTECOUBE,PRIVE
ABIDJAN 3,COLLEGE LE DON DE L'ETERNEL YOPOUGON,PRIVE
ABIDJAN 3,COLLEGE LE KLIGAN,PRIVE
ABIDJAN 3,COLLEGE LE PRESIDENT,PRIVE
ABIDJAN 3,COLLEGE LE RODIN YOPOUGON,PRIVE
ABIDJAN 3,COLLEGE LE ROI DAVID YOPOUGON,PRIVE
ABIDJAN 3,COLLEGE LE SOUVERAIN,PRIVE
ABIDJAN 3,COLLEGE LES PHALENES 1 YOPOUGON,PRIVE
ABIDJAN 3,COLLEGE LES PHALENES 2 YOPOUGON Banco Résidence 2,PRIVE
ABIDJAN 3,COLLEGE LES PIGEONS YOPOUGON,PRIVE
ABIDJAN 3,COLLEGE MAMADOU KARABOUE YOPOUGON,PRIVE
ABIDJAN 3,COLLEGE MAMADOU TRAORE YOPOUGON,PRIVE
ABIDJAN 3,COLLEGE MAMIE ADJOUA YOPOUGON,PRIVE
ABIDJAN 3,COLLEGE MERAJA,PRIVE
ABIDJAN 3,COLLEGE MINERVA YOPOUGON,PRIVE
ABIDJAN 3,COLLEGE MITTERAND YOPOUGON,PRIVE
ABIDJAN 3,COLLEGE MODERNE HADI,PRIVE
ABIDJAN 3,COLLEGE MODERNE LA FINE FLEUR,PRIVE
ABIDJAN 3,COLLEGE MONACO Yopougon,PRIVE
ABIDJAN 3,COLLEGE MONAJOCE YOPOUGON SIDECI,PRIVE
ABIDJAN 3,COLLEGE NADJATE YOPOUGON,PRIVE
ABIDJAN 3,COLLEGE NOTRE DAME DE LA PAIX ABADJIN-KOUTE,PRIVE
ABIDJAN 3,COLLEGE NOVALIME YOPOUGON Port-Bouët 2,PRIVE
ABIDJAN 3,COLLEGE OFFOUMOU YAPO YOPOUGON,PRIVE
ABIDJAN 3,COLLEGE OPRAH WINFRED,PRIVE
ABIDJAN 3,COLLEGE PENITHOLONY YOPOUGON Attié,PRIVE
ABIDJAN 3,COLLEGE PIERRE LE GRAND YOPOUGON Ananeraie,PRIVE
ABIDJAN 3,COLLEGE PRIVE LES ARCANES Yopougon Maroc,PRIVE
ABIDJAN 3,COLLEGE PRIVE MICHEL ARCHANGE,PRIVE
ABIDJAN 3,COLLEGE PRIVE MOTHES YOPOUGON Andokoi,PRIVE
ABIDJAN 3,COLLEGE SABA ET FILS Yopougon,PRIVE
ABIDJAN 3,COLLEGE SAGUIDIBA YOPOUGON,PRIVE
ABIDJAN 3,COLLEGE SAINT AUGUSTIN YOPOUGON Koweit,PRIVE
ABIDJAN 3,COLLEGE SAINT BRICE YOPOUGON,PRIVE
ABIDJAN 3,COLLEGE SAINT CHALMEL Yopougon,PRIVE
ABIDJAN 3,COLLEGE SAINT DOMINIQUE YOPOUGON,PRIVE
ABIDJAN 3,COLLEGE SAINT EMMANUEL YOPOUGON,PRIVE
ABIDJAN 3,COLLEGE SAINT FRANCOIS 2 YOPOUGON CAMP MILITAIRE,PRIVE
ABIDJAN 3,COLLEGE SAINT MICHEL DE KOUADIO YOPOUGON GESCO,PRIVE
ABIDJAN 3,COLLEGE SAINT PIERRE MARIE YOPOUGON,PRIVE
ABIDJAN 3,COLLEGE SAINTE ANNICK,PRIVE
ABIDJAN 3,COLLEGE SCIENTIFIQUE FRANÇOIS VIETE YOPOUGON,PRIVE
ABIDJAN 3,COLLEGE SEBACO YOPOUGON,PRIVE
ABIDJAN 3,COLLEGE SEGBE YOPOUGON,PRIVE
ABIDJAN 3,COLLEGE SEPI YOPOUGON,PRIVE
ABIDJAN 3,COLLEGE SINGA 2 YOPOUGON NIANGON,PRIVE
ABIDJAN 3,COLLEGE SINGA YOPOUGON Camp Militaire,PRIVE
ABIDJAN 3,COLLEGE SŒUR-MARIE,PRIVE
ABIDJAN 3,COLLEGE SONA,PRIVE
ABIDJAN 3,COLLEGE TCHIOULY YOPOUGON,PRIVE
ABIDJAN 3,COLLEGE VICTOR LOBA'D YOPOUGON Zone CHU,PRIVE
ABIDJAN 3,COLLEGE VICTOR SCHOELCHER YOPOUGON,PRIVE
ABIDJAN 3,COLLEGE VINCENT LE LEADER YOPOUGON,PRIVE
ABIDJAN 3,COLLEGE WALI,PRIVE
ABIDJAN 3,COLLEGE WILLIAM PONTY SELMERYOPOUGON,PRIVE
ABIDJAN 3,COLLEGE YADA CLEMENT (EX: I. E. G. E. P. ) YOPOUGON,PRIVE
ABIDJAN 3,COMPLEXE SCOLAIRE I.G.E.S. YOPOUGON,PRIVE
ABIDJAN 3,COURS SEC. GL LES CULTIVES YOPOUGON Wassakara,PRIVE
ABIDJAN 3,COURS SECONDAIRE CATHOLIQUE YOPOUGON KOUTE,PRIVE
ABIDJAN 3,COURS SECONDAIRE PROTESTANT NIANGON YOPOUGON,PRIVE
ABIDJAN 3,EESGTP LA SORBONNE YOPOUGON ANANERAIE,PRIVE
ABIDJAN 3,ETABLISSEMENT GRAZIA GROUPE SCOLAIRE,PRIVE
ABIDJAN 3,ETS PRIVES GLORIS YOPOUGON Niangon,PRIVE
ABIDJAN 3,GROUPE ASK,PRIVE
ABIDJAN 3,GROUPE ECOLES SANGBAN,PRIVE
ABIDJAN 3,GROUPE ITSAT YOPOUGON,PRIVE
ABIDJAN 3,GROUPE SCOLAIRE ADJOUA FADETTE,PRIVE
ABIDJAN 3,GROUPE SCOLAIRE AGNONKOU,PRIVE
ABIDJAN 3,GROUPE SCOLAIRE AKANJI YOPOUGON,PRIVE
ABIDJAN 3,GROUPE SCOLAIRE AKOUNDA Yopougon,PRIVE
ABIDJAN 3,GROUPE SCOLAIRE ALMAMY,PRIVE
ABIDJAN 3,GROUPE SCOLAIRE AMICHIA PAUL YOP. NIANGON,PRIVE
ABIDJAN 3,GROUPE SCOLAIRE ANDRE LATRILLE Yopougon,PRIVE
ABIDJAN 3,GROUPE SCOLAIRE AYEWA YOPOUGON (Ex GS La Fayette),PRIVE
ABIDJAN 3,GROUPE SCOLAIRE BADIANA,PRIVE
ABIDJAN 3,GROUPE SCOLAIRE CHA HELENE,PRIVE
ABIDJAN 3,GROUPE SCOLAIRE ERAZIA,PRIVE
ABIDJAN 3,GROUPE SCOLAIRE FATYMA 2 YOPOUGON Maroc,PRIVE
ABIDJAN 3,GROUPE SCOLAIRE FLAMEL NICOLAS YOPOUGON,PRIVE
ABIDJAN 3,GROUPE SCOLAIRE GBAEGUI,PRIVE
ABIDJAN 3,GROUPE SCOLAIRE GERMINAL,PRIVE
ABIDJAN 3,GROUPE SCOLAIRE GNAKAN,PRIVE
ABIDJAN 3,GROUPE SCOLAIRE HARMONIE,PRIVE
ABIDJAN 3,GROUPE SCOLAIRE IGON,PRIVE
ABIDJAN 3,GROUPE SCOLAIRE IMS,PRIVE
ABIDJAN 3,GROUPE SCOLAIRE INTERNATIONAL DE L'AMITIE YOPOUGON,PRIVE
ABIDJAN 3,GROUPE SCOLAIRE IVOIRE BLEY BONIFACE Yopougon,PRIVE
ABIDJAN 3,GROUPE SCOLAIRE KWAGNISS MAVRO YOPOUGON Base Cie,PRIVE
ABIDJAN 3,GROUPE SCOLAIRE LA VICTOIRE,PRIVE
ABIDJAN 3,GROUPE SCOLAIRE LE SAVANT 1 YOPOUGON,PRIVE
ABIDJAN 3,GROUPE SCOLAIRE LE SAVANT 2 YOPOUGON,PRIVE
ABIDJAN 3,GROUPE SCOLAIRE LES ANGES DES TOITS ROUGES YOPOUGON,PRIVE
ABIDJAN 3,GROUPE SCOLAIRE LES BOURGEONS,PRIVE
ABIDJAN 3,GROUPE SCOLAIRE LES MIGNONS,PRIVE
ABIDJAN 3,GROUPE SCOLAIRE LES PETITS SOLEILS YOPOUGON,PRIVE
ABIDJAN 3,GROUPE SCOLAIRE LES SAINTS ANGES YOPOUGON,PRIVE
ABIDJAN 3,GROUPE SCOLAIRE LOUIS LAGRANGE YOPOUGON CITE VERTE,PRIVE
ABIDJAN 3,GROUPE SCOLAIRE MELLIN SERAPHINE YOPOUGON,PRIVE
ABIDJAN 3,GROUPE SCOLAIRE NEWTON YOPOUGON,PRIVE
ABIDJAN 3,GROUPE SCOLAIRE NIPPON,PRIVE
ABIDJAN 3,GROUPE SCOLAIRE SAINT CYR,PRIVE
ABIDJAN 3,GROUPE SCOLAIRE SAINT FRANCOIS 1 YOPOUGON,PRIVE
ABIDJAN 3,GROUPE SCOLAIRE SAINT LOUIS YOPOUGON,PRIVE
ABIDJAN 3,GROUPE SCOLAIRE SAINTE FAMILLE,PRIVE
ABIDJAN 3,GROUPE SCOLAIRE SAINTE RUTH YOPOUGON,PRIVE
ABIDJAN 3,GROUPE SCOLAIRE THALES-FORMATION YOPOUGON,PRIVE
ABIDJAN 3,GROUPE SCOLAIRE VATICAN 2 YOPOUGON,PRIVE
ABIDJAN 3,I.L.S. SENGHOR II,PRIVE
ABIDJAN 3,INSTITUT EUREKA YOPOUGON,PRIVE
ABIDJAN 3,INSTITUT INTERNATIONAL ADJELEBA Yopougon Maroc,PRIVE
ABIDJAN 3,INSTITUT INTERNATIONAL DE FORMATION,PRIVE
ABIDJAN 3,INSTITUT LKM YOPOUGON ANANERAIE,PRIVE
ABIDJAN 3,INSTITUT MODERNE SAINTE EMMANUELLE YOPOUGON,PRIVE
ABIDJAN 3,INSTITUT NELSON MANDELA YOPOUGON,PRIVE
ABIDJAN 3,INSTITUT SAINT SILVER YOPOUGON Attié,PRIVE
ABIDJAN 3,INSTITUT SCOLAIRE SAINT CYRILLE YOPOUGON,PRIVE
ABIDJAN 3,INSTITUT SCOLAIRE VASSOUMA YOPOUGON Cité CIE,PRIVE
ABIDJAN 3,INSTITUT SEDAR SENGHOR YOPOUGON,PRIVE
ABIDJAN 3,INSTITUT ZAMBLE ATTECOUBE,PRIVE
ABIDJAN 3,IPAVE YOPOUGON,PRIVE
ABIDJAN 3,LYCEE MODERNE DE JEUNES FILLES DE YOPOUGON,PUBLIC
ABIDJAN 3,LYCEE MODERNE SONGON,PUBLIC
ABIDJAN 3,LYCEE MODERNE YOPOUGON-ANDOKOI,PUBLIC
ABIDJAN 3,LYCEE MUNICIPAL 1 ATTECOUBE,PUBLIC
ABIDJAN 3,LYCEE MUNICIPAL 1 GADIE PIERRE YOPOUGON,PUBLIC
ABIDJAN 3,LYCEE MUNICIPAL 2 ATTECOUBE,PUBLIC
ABIDJAN 3,LYCEE MUNICIPAL 2 GADIE PIERRE YOPOUGON,PUBLIC
ABIDJAN 3,LYCEE MUNICIPAL YOPOUGON-NIANGON,PUBLIC
ABIDJAN 4,ACADEMIE DES PROFESSIONNELS DE L'EDUCATION ABOBO AGNISSANKOI,PRIVE
ABIDJAN 4,C.M. SCHERIF,PRIVE
ABIDJAN 4,COLLEGE ADAMA SANOGO ABOBO,PRIVE
ABIDJAN 4,COLLEGE AHIMSA Abobo,PRIVE
ABIDJAN 4,COLLEGE ANADOR ABOBO,PRIVE
ABIDJAN 4,COLLEGE ANOMAN NANDJUI ANYAMA QT SCHNEIDER,PRIVE
ABIDJAN 4,COLLEGE BELLERIVE D'ABIDJAN ABOBO,PRIVE
ABIDJAN 4,COLLEGE BETSALEEL ABOBO,PRIVE
ABIDJAN 4,COLLEGE BILINGUE VICTOR LOBA'D ABOBO,PRIVE
ABIDJAN 4,COLLEGE BOCABO ET ASSOCIES Abobo,PRIVE
ABIDJAN 4,COLLEGE BRIGHAM YOUNG,PRIVE
ABIDJAN 4,COLLEGE CARINE ABOBO,PRIVE
ABIDJAN 4,COLLEGE CHRIST LE ROI ABOBO,PRIVE
ABIDJAN 4,COLLEGE COFFI GADEAU ABOBO,PRIVE
ABIDJAN 4,COLLEGE COULIBALY SANDENI ABOBO ANOKOI-EXTENSION,PRIVE
ABIDJAN 4,COLLEGE DE LA BELLE CITE,PRIVE
ABIDJAN 4,COLLEGE DENGUELE Anyama,PRIVE
ABIDJAN 4,COLLEGE DES PROFESSEURS D'ABOBO,PRIVE
ABIDJAN 4,COLLEGE DES UNIONS ABOBO,PRIVE
ABIDJAN 4,COLLEGE DIDEROT ABOBO,PRIVE
ABIDJAN 4,COLLEGE DJESSOU ABOBO,PRIVE
ABIDJAN 4,COLLEGE DOUMBIA ADAMA ADAM'S ANYAMA RESIDENTIEL,PRIVE
ABIDJAN 4,COLLEGE EL ITRATOU TAHIRA ABOBO,PRIVE
ABIDJAN 4,COLLEGE EMMANUEL KANT ABOBO PK 18,PRIVE
ABIDJAN 4,COLLEGE EULALIE BLAH ABOBO CLOUETCHA,PRIVE
ABIDJAN 4,COLLEGE GAOUSSOU TOUREANYAMA,PRIVE
ABIDJAN 4,COLLEGE HAROUN TARZIEFF ABOBO,PRIVE
ABIDJAN 4,COLLEGE HERMANN,PRIVE
ABIDJAN 4,COLLEGE I.T.E.S ABOBO,PRIVE
ABIDJAN 4,COLLEGE IBC ABOBO,PRIVE
ABIDJAN 4,COLLEGE IRIS I ABOBO KENNEDY,PRIVE
ABIDJAN 4,COLLEGE IRIS-II ABOBO AVOCATIER,PRIVE
ABIDJAN 4,COLLEGE KAT,PRIVE
ABIDJAN 4,COLLEGE KONE FAMOUSSA,PRIVE
ABIDJAN 4,COLLEGE KOUASSI HAUDY MARCEL ANYAMA,PRIVE
ABIDJAN 4,COLLEGE LA BELLE ÉTOILE ABOBOTÉ-EXTENSION,PRIVE
ABIDJAN 4,COLLEGE LA GRACE DIVINE ABOBO,PRIVE
ABIDJAN 4,COLLEGE LA NATURE ABOBO,PRIVE
ABIDJAN 4,COLLEGE LA REFERENCE ABOBO SAGBE PALMERAIE,PRIVE
ABIDJAN 4,COLLEGE LA VICTOIRE ABOBO,PRIVE
ABIDJAN 4,COLLEGE LAPLACE ABOBO AKEIKOI,PRIVE
ABIDJAN 4,COLLEGE LE DESTIN ABOBO,PRIVE
ABIDJAN 4,COLLEGE LE MAHOU ABOBO,PRIVE
ABIDJAN 4,COLLEGE LE PANORAMA,PRIVE
ABIDJAN 4,COLLEGE LE PARFAIT Abobo sagbé,PRIVE
ABIDJAN 4,COLLEGE LE PETIT CHAMPION ABOBO,PRIVE
ABIDJAN 4,COLLEGE LE PROVINCIAL ABOBO PLATEAU DOKOUI,PRIVE
ABIDJAN 4,COLLEGE LES AS ABOBO PLAQUE 1,PRIVE
ABIDJAN 4,COLLEGE LES ATLAS Anyama,PRIVE
ABIDJAN 4,COLLEGE LES DEUX SAISONS ABOBO SAGBE,PRIVE
ABIDJAN 4,COLLEGE LES ELYSEES ABOBO PK 18,PRIVE
ABIDJAN 4,COLLEGE LES FALAISES ABOBO,PRIVE
ABIDJAN 4,COLLEGE LES GRACES ABOBO,PRIVE
ABIDJAN 4,COLLEGE LES NOUVEAUX HORIZONS ABOBO KENEDY,PRIVE
ABIDJAN 4,COLLEGE LES ORCHIDEES ABOBO,PRIVE
ABIDJAN 4,COLLEGE LOROUGNON GUEDE ABOBO,PRIVE
ABIDJAN 4,COLLEGE MALE GBINDE ABOBO AKEIKOI,PRIVE
ABIDJAN 4,COLLEGE MARIE BLANCHE ABOBO,PRIVE
ABIDJAN 4,COLLEGE MODERNE ABOBO PK 18,PUBLIC
ABIDJAN 4,COLLEGE MODERNE ANYAMA,PUBLIC
ABIDJAN 4,COLLEGE MODERNE LE ROSIER ABOBO,PRIVE
ABIDJAN 4,COLLEGE MODERNE LES ARDENNES ABOBO AKEIKOI,PRIVE
ABIDJAN 4,COLLEGE NOGOLAMA Anyama,PRIVE
ABIDJAN 4,COLLEGE NOHONE GUEDE ABOBO,PRIVE
ABIDJAN 4,COLLEGE NOTRE DAME DE SECOURS ABOBO SAGBE,PRIVE
ABIDJAN 4,COLLEGE PERE LOUIS WACH ABOBO,PRIVE
ABIDJAN 4,COLLEGE PHILIPPE GERMARK,PRIVE
ABIDJAN 4,COLLEGE PIERRE CHARLES 3,PRIVE
ABIDJAN 4,COLLEGE PRIVE AMANDINE Abobo BC,PRIVE
ABIDJAN 4,COLLEGE PRIVE CHEMIN DE GLOIRE Abobo Anonkoi-Kouté,PRIVE
ABIDJAN 4,COLLEGE PRIVE HARMONIE DES VAINQUEURS 1 Abobo,PRIVE
ABIDJAN 4,COLLEGE PRIVE MONIQUE ANYAMA CHATEAU D'EAU,PRIVE
ABIDJAN 4,COLLEGE PRIVE SAINT PIERRE CHARLES ABOBO,PRIVE
ABIDJAN 4,COLLEGE RENE CAILLE ABOBO,PRIVE
ABIDJAN 4,COLLEGE RENE DUMONT ABOBO,PRIVE
ABIDJAN 4,COLLEGE ROSEE DIVINE ABOBO BAOULE BELLE-VILLE,PRIVE
ABIDJAN 4,COLLEGE SAINT ANDRE DES PRES,PRIVE
ABIDJAN 4,COLLEGE SAINT DAVID ABOBO,PRIVE
ABIDJAN 4,COLLEGE SAINT EDER Aboboté Kenedy,PRIVE
ABIDJAN 4,COLLEGE SAINT EDER ANYAMA,PRIVE
ABIDJAN 4,COLLEGE SAINT ETIENNE ABOBO,PRIVE
ABIDJAN 4,COLLEGE SAINT GEORGES ABOBO,PRIVE
ABIDJAN 4,COLLEGE SAINT GILBERT DJAGO ABOBO,PRIVE
ABIDJAN 4,COLLEGE SAINT JEAN BAPTISTE ABOUNA ABOBO,PRIVE
ABIDJAN 4,COLLEGE SAINT JOSEPH ABOBO,PRIVE
ABIDJAN 4,COLLEGE SAINT KOUTOUAN ABOBO,PRIVE
ABIDJAN 4,COLLEGE SAINT MARC ABOBO AKEIKOI,PRIVE
ABIDJAN 4,COLLEGE SAINT MICHEL ANYAMA,PRIVE
ABIDJAN 4,COLLEGE SAINT MOISE ABOBO Agnissankoua,PRIVE
ABIDJAN 4,COLLEGE SAINTE ANNICKABOBO,PRIVE
ABIDJAN 4,COLLEGE SAINTE CAROLLE ABOBO PK 18,PRIVE
ABIDJAN 4,COLLEGE SAINTE CLAIRE DES BOIS ANYAMA,PRIVE
ABIDJAN 4,COLLEGE SAINTE FAMILLE ABOBO,PRIVE
ABIDJAN 4,COLLEGE SAINTE FOI ABOBO,PRIVE
ABIDJAN 4,COLLEGE SAINTE NANCY ANYAMA,PRIVE
ABIDJAN 4,COLLEGE SAINTE RITA ROSANE ABOBO,PRIVE
ABIDJAN 4,COLLEGE SAINTE RUTH Abobo,PRIVE
ABIDJAN 4,COLLEGE SAINTE SASSOH NAOMI,PRIVE
ABIDJAN 4,COLLEGE SYLVANA ABOBO,PRIVE
ABIDJAN 4,COLLEGE TOURE KANVALY ANYAMA,PRIVE
ABIDJAN 4,COLLEGE VICTOR DEHI ABOBO,PRIVE
ABIDJAN 4,COLLEGE YVAC ANYAMA,PRIVE
ABIDJAN 4,GROUPE SCOLAIRE ABRAHAM AYEBY Abobo,PRIVE
ABIDJAN 4,GROUPE SCOLAIRE ADJA MADOUE TOURE ANYAMA,PRIVE
ABIDJAN 4,GROUPE SCOLAIRE ARC EN CIEL ABOBO,PRIVE
ABIDJAN 4,GROUPE SCOLAIRE CERDACOM ABOBO Sogéfiha,PRIVE
ABIDJAN 4,GROUPE SCOLAIRE COMMUNAUTE,PRIVE
ABIDJAN 4,GROUPE SCOLAIRE FADIGA ABDOUL (GSFA) ABOBO,PRIVE
ABIDJAN 4,GROUPE SCOLAIRE GBADJE ABOBO,PRIVE
ABIDJAN 4,GROUPE SCOLAIRE GRACE JEANNINE,PRIVE
ABIDJAN 4,GROUPE SCOLAIRE ISRAËL,PRIVE
ABIDJAN 4,GROUPE SCOLAIRE KOFFI AGO,PRIVE
ABIDJAN 4,GROUPE SCOLAIRE LA PAIX Anyama Belle-Ville,PRIVE
ABIDJAN 4,GROUPE SCOLAIRE LAROUSSE ABOBO,PRIVE
ABIDJAN 4,GROUPE SCOLAIRE LE NID DES COLOMBES ABOBO AKEIKOI,PRIVE
ABIDJAN 4,GROUPE SCOLAIRE LE PARTHENON ABOBO,PRIVE
ABIDJAN 4,GROUPE SCOLAIRE LE PELLETIER ABOBO Pk18,PRIVE
ABIDJAN 4,GROUPE SCOLAIRE LEGRAND ABOBO,PRIVE
ABIDJAN 4,GROUPE SCOLAIRE LEOPOLD SEDAR SENGHOR ABOBO,PRIVE
ABIDJAN 4,GROUPE SCOLAIRE LES BOTANIQUES ABOBO,PRIVE
ABIDJAN 4,GROUPE SCOLAIRE LES COCCINELLES ABOBO,PRIVE
ABIDJAN 4,GROUPE SCOLAIRE LES ELITES ABOBO,PRIVE
ABIDJAN 4,GROUPE SCOLAIRE LES FALAISES ANYAMA Akoupé Zeudji,PRIVE
ABIDJAN 4,GROUPE SCOLAIRE LES HIRONDELLES ABOBO,PRIVE
ABIDJAN 4,GROUPE SCOLAIRE LES PINGOINS ABOBO,PRIVE
ABIDJAN 4,GROUPE SCOLAIRE MAMADOU COULIBALY,PRIVE
ABIDJAN 4,GROUPE SCOLAIRE MICHEL VAKO,PRIVE
ABIDJAN 4,GROUPE SCOLAIRE NAHACLAN Anyama,PRIVE
ABIDJAN 4,GROUPE SCOLAIRE NANTI ABOBO,PRIVE
ABIDJAN 4,GROUPE SCOLAIRE NOUSSIRA,PRIVE
ABIDJAN 4,GROUPE SCOLAIRE P.E.R ABOBO BC Extension,PRIVE
ABIDJAN 4,GROUPE SCOLAIRE SAINT MATHIEU ABOBO,PRIVE
ABIDJAN 4,GROUPE SCOLAIRE SAINTE ELISABETH ABOBO,PRIVE
ABIDJAN 4,GROUPE SCOLAIRE SAINTE JEANNE ABOBO Plateau Dokui,PRIVE
ABIDJAN 4,GROUPE SCOLAIRE SELODESIR Anyama,PRIVE
ABIDJAN 4,GS FUSOS COURS SOCIAUX ABOBO (EX-COURS SOCIAUX),PRIVE
ABIDJAN 4,INSTITUT BOH VALENTIN ABOBO,PRIVE
ABIDJAN 4,INSTITUT D'ENS. GEN. SCIENTIF. A.S. POUCHKINE ABOBO,PRIVE
ABIDJAN 4,INSTITUT HOREB ABOBO,PRIVE
ABIDJAN 4,INSTITUT MODERNE ET TECHNIQUE LE CAPRICORNE (SAVOIR),PRIVE
ABIDJAN 4,INSTITUT Scol. SEC. ESSEIGOU AKA ABOBO N'Guessankoi,PRIVE
ABIDJAN 4,INSTITUT SECONDAIRE GONDO DION DENIS ABOBO,PRIVE
ABIDJAN 4,LYCEE MODERNE ANYAMA,PUBLIC
ABIDJAN 4,LYCEE MODERNE 1 ABOBO,PUBLIC
ABIDJAN 4,LYCEE MODERNE 2 ABOBO,PUBLIC
ABIDJAN 4,LYCEE MUNICIPAL D'ABOBO,PUBLIC
ABIDJAN 4,PENSIONNAT PROTESTANT FILLES ANYAMA,PRIVE
ABOISSO,COLLEGE AKOMEA DE PAUL BONOUA,PRIVE
ABOISSO,COLLEGE ALLABA Adiaké,PRIVE
ABOISSO,COLLEGE CATHOLIQUE PERE GUILLAUME,PRIVE
ABOISSO,COLLEGE CHRIST ROI BONOUA,PRIVE
ABOISSO,COLLEGE EDOUKOU MIEZAN GRAND-BASSAM,PRIVE
ABOISSO,COLLEGE EHIVET DE BONOUA Qtier BEGNIRI,PRIVE
ABOISSO,COLLEGE JESUS MARIE BONOUA,PRIVE
ABOISSO,COLLEGE LA REUSSITE MAFERE,PRIVE
ABOISSO,COLLEGE LE JOURDAIN ABOISSO,PRIVE
ABOISSO,COLLEGE LEON AMOUCHIA,PRIVE
ABOISSO,COLLEGE LEON ROBERT GRAND-BASSAM,PRIVE
ABOISSO,COLLEGE LES ETOILES DE SAMO Bonoua,PRIVE
ABOISSO,COLLEGE MODERNE ABOISSO,PUBLIC
ABOISSO,COLLEGE MODERNE AHIGBE-KOFFIKRO,PUBLIC
ABOISSO,COLLEGE MODERNE ALEXIS ELLINGAND ETCHE DE KRINDJABO,PUBLIC
ABOISSO,COLLEGE MODERNE ASSINIE MAFIA,PUBLIC
ABOISSO,COLLEGE MODERNE BIANOUA,PUBLIC
ABOISSO,COLLEGE MODERNE GRAND-BASSAM,PUBLIC
ABOISSO,COLLEGE MODERNE JACQUES BATTEUR D'AFFIENOU,PUBLIC
ABOISSO,COLLEGE MUNICIPAL TIAPOUM,PUBLIC
ABOISSO,COLLEGE NOTRE DAME SAINT PIERRE LA CHAPELLE,PRIVE
ABOISSO,COLLEGE PATRONAGE MGR PAUL KODJO GRAND-BASSAM,PRIVE
ABOISSO,COLLEGE PRIVE LE COMMUNAL BONOUA,PRIVE
ABOISSO,COLLEGE SAINTE MARIE ADIAKE,PRIVE
ABOISSO,COLLEGE SAINTE RITA BONOUA,PRIVE
ABOISSO,COURS SECONDAIRE CATHOLIQUE ABOISSO,PRIVE
ABOISSO,G.S DES ENSEIGNANTS D'ADIAKE (DREN-ET ABOISSO),PRIVE
ABOISSO,GROUPE SCOLAIRE EMMANUEL BONOUA,PRIVE
ABOISSO,GROUPE SCOLAIRE ISRAEL BONOUA,PRIVE
ABOISSO,GS INTERNATIONAL DES ENSEIGNANTS ABOISSO,PRIVE
ABOISSO,INSTITUT RAGGI ANNE MARIE GRAND-BASSAM,PRIVE
ABOISSO,INSTITUT SCOLAIRE KANGAH WADJAS ABOISSO Assouba,PRIVE
ABOISSO,LYCEE BAD AYAME,PUBLIC
ABOISSO,LYCEE MODERNE 1 GRAND-BASSAM,PUBLIC
ABOISSO,LYCEE MODERNE 2 GRAND-BASSAM,PUBLIC
ABOISSO,LYCEE MODERNE ABOISSO,PUBLIC
ABOISSO,LYCEE MODERNE BONOUA,PUBLIC
ABOISSO,LYCEE MUNICIPAL ADIAKE,PUBLIC
ABOISSO,LYCEE MUNICIPAL BONOUA,PUBLIC
ABOISSO,LYCEE MUNICIPAL MAFERE,PUBLIC
ABOISSO,MUPRED Mutuelle des Professionnels Educ. ABOISSO,PRIVE
ADZOPE,ALE AHIN,PRIVE
ADZOPE,COLLEGE ACQUET LAMBERT BECEDI BRIGNAN,PRIVE
ADZOPE,COLLEGE ATSE YAPI JOSEPH ADZOPE (EX. NESPA),PRIVE
ADZOPE,COLLEGE COMPA ADZOPE,PRIVE
ADZOPE,COLLEGE ENSEIGNEMENT SEC.TECH.(CST) DU KETTIN AKOUPE,PRIVE
ADZOPE,COLLEGE ERNEST LEGRAND AFFERY,PRIVE
ADZOPE,COLLEGE GEORGES MARCHAND MIADZIN ADZOPE,PRIVE
ADZOPE,COLLEGE LA BONNE SEMENCE TAGO ADZOPE,PRIVE
ADZOPE,COLLEGE LES TCHOYAS Adzopé,PRIVE
ADZOPE,COLLEGE MODERNE ADZOPE,PUBLIC
ADZOPE,COLLEGE MODERNE ASSIKOI,PUBLIC
ADZOPE,COLLEGE MODERNE DINGUIRA,PUBLIC
ADZOPE,COLLEGE MODERNE OGLWAOPO,PUBLIC
ADZOPE,COLLEGE MODERNE UCADA AKOUPE,PUBLIC
ADZOPE,COLLEGE MUNICIPAL MONTEZO,PUBLIC
ADZOPE,COLLEGE N'KOUAN AKOUPE,PRIVE
ADZOPE,COLLEGE PRIVÉ YAPOGA OKEI AKOUPÉ,PRIVE
ADZOPE,COLLEGE SAINT SAUVEUR MEMNI ALEPE,PRIVE
ADZOPE,COLLEGE UFFONZE Afféry,PRIVE
ADZOPE,GROUPE SCOLAIRE ERUDITS ALEPE,PRIVE
ADZOPE,INSTITUT D'ENSEIGNEMENT GENERAL AS POUCHKINE AGOU,PRIVE
ADZOPE,LYCEE MODERNE ADZOPE,PRIVE
ADZOPE,LYCEE MODERNE AGOU,PUBLIC
ADZOPE,LYCEE MODERNE AKOUPE,PUBLIC
ADZOPE,LYCEE MODERNE ALEPE (ex-college moderne alepe),PUBLIC
ADZOPE,LYCEE MUNICIPAL AFFERY,PUBLIC
ADZOPE,LYCEE MUNICIPAL YAKASSE-ATTOBROU,PUBLIC
AGBOVILLE,ACADEMIE KANIEN AGBOVILLE,PRIVE
AGBOVILLE,COLLEGE AKA ETHIEN ABOUDE MANDEKE / AGBOVILLE,PRIVE
AGBOVILLE,COLLEGE AKANZA N'DOUCI,PRIVE
AGBOVILLE,COLLEGE ATTE YAVO ALPHONSE,PRIVE
AGBOVILLE,COLLEGE DAOUDA COULIBALY AGBOVILLE,PRIVE
AGBOVILLE,COLLEGE DECROLY AGBOVILLE,PRIVE
AGBOVILLE,COLLEGE EDEN AGBOVILLE,PRIVE
AGBOVILLE,COLLEGE EUREKA SIKENSI,PRIVE
AGBOVILLE,COLLEGE EYEMON NIANGORAN AGBOVILLE,PRIVE
AGBOVILLE,COLLEGE JACQUES AKA AGBOVILLE,PRIVE
AGBOVILLE,COLLEGE JEAN PAUL 2 AGBOVILLE,PRIVE
AGBOVILLE,COLLEGE KRAFFA ADAGRA SIKENSI,PRIVE
AGBOVILLE,COLLEGE LA PEDAGOGIE AZAGUIE,PRIVE
AGBOVILLE,COLLEGE LA REUSSITE AGBOVILLE,PRIVE
AGBOVILLE,COLLEGE LUMIERE AZAGUIE,PRIVE
AGBOVILLE,COLLEGE MIXTE EXCELLENCE SIKENSI,PRIVE
AGBOVILLE,COLLEGE MODERNE AGBOVILLE,PUBLIC
AGBOVILLE,COLLEGE MODERNE BAD N'DOUCI,PUBLIC
AGBOVILLE,COLLEGE MUNICIPAL TAABO,PUBLIC
AGBOVILLE,COLLEGE NOTRE DAME DE LA PAIX Tiassalé,PRIVE
AGBOVILLE,COLLEGE NOTRE DAME DE SIKENSI,PRIVE
AGBOVILLE,COLLEGE ORIEUX N'DOUCI,PRIVE
AGBOVILLE,COLLEGE PRIVE DE RUBINO,PRIVE
AGBOVILLE,COLLEGE SAINT AMBROISE GRAND-MORIE,PRIVE
AGBOVILLE,COLLEGE SAINT MICHEL AZAGUIE AHOUA,PRIVE
AGBOVILLE,COLLEGE SAINT MICHEL TIASSALE,PRIVE
AGBOVILLE,COLLEGE SAINTE FAMILLE TAABO,PRIVE
AGBOVILLE,COLLEGE SAINTE MARIE D'ELLIBOU,PRIVE
AGBOVILLE,COURS SECONDAIRE LE MILLENAIRE,PRIVE
AGBOVILLE,COURS SECONDAIRE UNION TLE,PRIVE
AGBOVILLE,GROUPE SCOLAIRE AKONDA N'DOUCI,PRIVE
AGBOVILLE,INSTITUT NAKOI AGBOVILLE,PRIVE
AGBOVILLE,INSTITUT OYOFO SIKENSI,PRIVE
AGBOVILLE,INSTITUT SAINT JOSEPH,PRIVE
AGBOVILLE,INSTITUT SECONDAIRE PRELUDE,PRIVE
AGBOVILLE,LYCEE MODERNE 1 AGBOVILLE,PUBLIC
AGBOVILLE,LYCEE MODERNE 2 AGBOVILLE,PUBLIC
AGBOVILLE,LYCEE MODERNE AZAGUIE,PUBLIC
AGBOVILLE,LYCEE MODERNE TIASSALE,PUBLIC
AGBOVILLE,LYCEE MUNICIPAL RUBINO,PUBLIC
AGBOVILLE,LYCEE MUNICIPAL SIKENSI,PUBLIC
BONDOUKOU,LYCEE BAD KOUN-FAO,PUBLIC
BONDOUKOU,COLLEGE DUA KOBENAN BONDOUKOU,PRIVE
BONDOUKOU,COLLEGE HONORE DE BALZAC BONDOUKOU,PRIVE
BONDOUKOU,COLLEGE MODERNE BONDOUKOU,PUBLIC
BONDOUKOU,COLLEGE PRIVE TANDA,PRIVE
BONDOUKOU,COLLEGE MODERNE TANDA,PUBLIC
BONDOUKOU,COLLEGE MUNICIPAL KOUASSI-DATEKRO,PUBLIC
BONDOUKOU,COLLEGE MUNICIPAL TRANSUA,PUBLIC
BONDOUKOU,LYCEE MODERNE BONDOUKOU,PUBLIC
BONDOUKOU,LYCEE MUNICIPAL TANDA,PUBLIC
BONDOUKOU,COLLEGE MODERNE TABAGNE,PUBLIC
BONDOUKOU,COLLEGE MUNICIPAL ASSUEFFRY,PUBLIC
BONDOUKOU,COLLEGE MUVEP TANDA,PRIVE
BONDOUKOU,COLLEGE MUNICIPAL SANDEGUE,PUBLIC
BONDOUKOU,COLLEGE NANAN ADOU KOFFI BONDOUKOU,PRIVE
BONDOUKOU,COLLEGE MUCRES KOUN-FAO,PRIVE
BONDOUKOU,COLLEGE MODERNE TANKESSE,PUBLIC
BONDOUKOU,COLLEGE MODERNE YEZIMALA,PUBLIC
BONDOUKOU,LYCEE MODERNE 2 BONDOUKOU,PUBLIC
BONDOUKOU,COLLEGE MODERNE PINDA-BOROKO,PUBLIC
BONDOUKOU,COLLEGE MODERNE GOUMERE,PUBLIC
BONDOUKOU,COLLEGE MODERNE LAOUDI-BA,PUBLIC
BONDOUKOU,COLLEGE MODERNE SAPLI-SEPINGO,PUBLIC
BONDOUKOU,COLLEGE MODERNE TAOUDI,PUBLIC
BONDOUKOU,COLLEGE PRIVE AMANI N'GUESSAN BONDOUKOU,PRIVE
BONDOUKOU,GROUPE SCOLAIRE MAMPO BONDOUKOU,PRIVE
BONDOUKOU,GROUPE LES PROFESSIONNELS BONDOUKOU,PRIVE
BONDOUKOU,COLLEGE PRIVE L'EMMANUEL TRANSUA,PRIVE
BONDOUKOU,COURS SECONDAIRE SOCIAUX GOUMERE,PRIVE
BONDOUKOU,COLLEGE PRIVE OUATTARA MAHAMA BONDOUKOU,PRIVE
BONDOUKOU,COLLEGE PRIVE LE PRINCIER,PRIVE
BONDOUKOU,COLLEGE PATRICE LUMUMBA,PRIVE
BONDOUKOU,COURS UNESCO ESPOIR,PRIVE
BOUAFLE,COLLEGE BAD GOHITAFLA,PUBLIC
BOUAFLE,COLLEGE BIA BOUAFLE,PRIVE
BOUAFLE,COLLEGE CATHOLIQUE SAINTE BERNADETTE ZUENOULA,PRIVE
BOUAFLE,COLLEGE FADIGA BOUAFLE,PRIVE
BOUAFLE,COLLEGE KANTE DONDO ZUENOULA,PRIVE
BOUAFLE,COLLEGE LA CONCORDE BOUAFLE,PRIVE
BOUAFLE,COLLEGE LA MARAHOUE BONON,PRIVE
BOUAFLE,COLLEGE LA PASSERELLE ZUENOULA,PRIVE
BOUAFLE,COLLEGE LE SAVOIR ZUENOULA,PRIVE
BOUAFLE,COLLEGE LES CACTUS BONON,PRIVE
BOUAFLE,COLLEGE MODERNE BOUAFLE,PUBLIC
BOUAFLE,COLLEGE MODERNE EXCELLENCE BOUAFLE,PRIVE
BOUAFLE,COLLEGE MODERNE KONONFLA,PUBLIC
BOUAFLE,COLLEGE MODERNE PHOENIX DE LA MARAHOUE,PRIVE
BOUAFLE,COLLEGE MODERNE SALOMON SINFRA (Ex-SOCRATE),PRIVE
BOUAFLE,COLLEGE MUNICIPAL BONON,PUBLIC
BOUAFLE,COLLEGE MUNICIPAL SINFRA,PUBLIC
BOUAFLE,COLLEGE NOTRE DAME DU BANDAMABOUAFLE,PRIVE
BOUAFLE,COLLEGE NOTRE DAME SINFRA,PRIVE
BOUAFLE,COLLEGE PRIVE IFEP KONONFLA,PRIVE
BOUAFLE,COLLEGE PRIVE JUAN CARLOS 1er II GOHITAFLA,PRIVE
BOUAFLE,COLLEGE PRIVE MUTSU HITO Bonon,PRIVE
BOUAFLE,COLLEGE REFERENCE,PRIVE
BOUAFLE,COLLEGE REFERENCE CORES SINFRA,PRIVE
BOUAFLE,COLLEGE SAINT RAPHAEL BOUAFLE,PRIVE
BOUAFLE,COLLEGE SAINTE HENRIETTE SINFRA,PRIVE
BOUAFLE,COLLEGE SAINTE MARIE BLANCHE SINFRA,PRIVE
BOUAFLE,COLLEGE YAO RABE ZUENOULA,PRIVE
BOUAFLE,COURS SECONDAIRE PROTESTANT DE BONON,PRIVE
BOUAFLE,GROUPE SCOLAIRE FRATERNITE KONONFLA,PRIVE
BOUAFLE,GROUPE SCOLAIRE LES LAURIERS SINFRA,PRIVE
BOUAFLE,LYCEE HENRI KONAN BEDIE SINFRA,PUBLIC
BOUAFLE,LYCEE MODERNE 1 BOUAFLE,PUBLIC
BOUAFLE,LYCEE MODERNE 2 BOUAFLE,PUBLIC
BOUAFLE,LYCEE MODERNE ZUENOULA,PUBLIC
BOUAKE 1,COLLEGE ADVENTISTE BOUAKE,PRIVE
BOUAKE 1,COLLEGE HENRI POINCARE BOUAKE,PRIVE
BOUAKE 1,COLLEGE LA MAISON DE BAMBI BOUAKE,PRIVE
BOUAKE 1,COLLEGE LA RENAISSANCE BOUAKE,PRIVE
BOUAKE 1,COLLEGE LES HEURES CLAIRES BOUAKE,PRIVE
BOUAKE 1,COLLEGE LOUIS LE GRAND BOUAKE,PRIVE
BOUAKE 1,COLLEGE YAMOUSSO MARIE THERESE BOUAKE,PRIVE
BOUAKE 1,COLLEGE MODERNE JEUNES FILLES BOUAKE,PUBLIC
BOUAKE 1,LYCEE MARTIN LUTHER KING BOUAKE,PUBLIC
BOUAKE 1,COLLEGE MODERNE TSF BOUAKE,PUBLIC
BOUAKE 1,GROUPE SCOLAIRE MOHAMMED 5 BOUAKE,PRIVE
BOUAKE 1,INSTITUT OUEZZIN COULIBALY BOUAKE,PRIVE
BOUAKE 1,COLLEGE REINE POKOU BOUAKE,PRIVE
BOUAKE 1,COLLEGE SAINT JACQUES BOUAKE,PRIVE
BOUAKE 1,COLLEGE CATHOLIQUE SAINT VIATEUR BOUAKE,PRIVE
BOUAKE 1,COLLEGE VICTOR HUGO BOUAKE,PRIVE
BOUAKE 1,GROUPE SCOLAIRE ESPERANCE BOUAKE,PRIVE
BOUAKE 1,LYCEE MUNICIPAL BROBO,PUBLIC
BOUAKE 1,LYCEE MODERNE BELLEVILLE BOUAKE,PUBLIC
BOUAKE 1,LYCEE MODERNE JEUNES FILLES BOUAKE,PUBLIC
BOUAKE 1,COLLEGE SAINTE RUTH FIDÈLE BOUAKÉ,PRIVE
BOUAKE 1,GROUPE SCOLAIRE LE BERGER 2 BOUAKÉ Zone Indu.,PRIVE
BOUAKE 1,COLLEGE MUNICIPAL DJEBONOUA,PUBLIC
BOUAKE 1,COLLEGE PRIVE GONFREVILLE Bouaké,PRIVE
BOUAKE 1,GROUPE SCOLAIRE LES LILAS BLANCS Bouaké,PRIVE
BOUAKE 1,EPC DAR ARKAM Bouaké Belleville 2,PRIVE
BOUAKE 1,COLLEGE SAINTE FAMILLE BOUAKE,PRIVE
BOUAKE 1,COLLEGE L'AVENIR BOUAKE,PRIVE
BOUAKE 1,COLLEGE LAHA BROBO,PRIVE
BOUAKE 1,COLLEGE LA PERFORMANCE,PRIVE
BOUAKE 2,C.N.P.T.E. BOUAKE,PUBLIC
BOUAKE 2,COLLEGE ALANI BEOUMI,PRIVE
BOUAKE 2,COLLEGE CATHOLIQUE JEUNES FILLES BEOUMI,PRIVE
BOUAKE 2,COLLEGE MODERNE BOUAKE DARES SALAM,PUBLIC
BOUAKE 2,COLLEGE MODERNE KOKO BOUAKE,PUBLIC
BOUAKE 2,COLLEGE PRIVE NANAN TOTOKRA Botro,PRIVE
BOUAKE 2,GROUPE SCOLAIRE KOUADIO GERMAIN SAKASSOU,PRIVE
BOUAKE 2,GROUPE SCOLAIRE MAMI AYA N'GOH SAKASSOU,PRIVE
BOUAKE 2,LYCEE CLASSIQUE BOUAKE,PUBLIC
BOUAKE 2,LYCEE MODERNE 2 BOUAKE,PUBLIC
BOUAKE 2,LYCEE MODERNE BEOUMI,PUBLIC
BOUAKE 2,LYCEE MODERNE BOTRO,PUBLIC
BOUAKE 2,LYCEE MODERNE SAKASSOU,PUBLIC
BOUAKE 2,LYCEE MUNICIPAL DIABO,PUBLIC
BOUAKE 2,LYCEE MUNICIPAL DJIBO SOUNKALO BOUAKE,PUBLIC
BOUNA,COLLEGE DU PARC BOUNA,PRIVE
BOUNA,COLLEGE MODERNE DOROPO,PUBLIC
BOUNA,COLLEGE MUNICIPAL NASSIAN,PUBLIC
BOUNA,LYCEE MODERNE BOUNA,PUBLIC
BOUNDIALI,COLLEGE MODERNE KOLIA,PUBLIC
BOUNDIALI,COLLEGE MUNICIPAL GBON,PUBLIC
BOUNDIALI,COLLEGE MUNICIPAL KASSERE,PUBLIC
BOUNDIALI,COLLEGE PRIVE DRISSA BALLO BOUNDIALI,PRIVE
BOUNDIALI,LYCEE MODERNE BOUNDIALI,PUBLIC
BOUNDIALI,LYCEE MODERNE TENGRELA,PUBLIC
BOUNDIALI,LYCEE MODERNE ZIGUITIE KOUTO,PUBLIC
DABOU,ACADEMIE DU ROI DE Gloire DABOU,PRIVE
DABOU,COLLEGE ARSENE USHER ASSOUAN,PRIVE
DABOU,COLLEGE BESSIO DE LAMBERT DABOU,PUBLIC
DABOU,COLLEGE CATHOLIQUE MGR RENE KOUASSI DABOU,PRIVE
DABOU,COLLEGE CHARLES DE FOUCAULD DABOU,PRIVE
DABOU,COLLEGE CHATEAUBRIAND DABOU,PRIVE
DABOU,COLLEGE ELVIS HONORE DABOU,PRIVE
DABOU,COLLEGE EUREKA SIKENSI,PRIVE
DABOU,COLLEGE JEAN MAMEN DABOU,PRIVE
DABOU,COLLEGE MODERNE AHOUANOU,PUBLIC
DABOU,COLLEGE MODERNE TOUPAH,PUBLIC
DABOU,COLLEGE NOTRE DAME DE LA PAIX TIASSALE,PRIVE
DABOU,COLLEGE PRIVE HONNENEFREY,PRIVE
DABOU,COLLEGE PRIVE LE CHANDELIER DABOU,PRIVE
DABOU,COLLEGE SAINTE MARIE DABOU,PRIVE
DABOU,COLLEGE SCIENTIFIQUE FRANÇOIS VIETE DABOU,PRIVE
DABOU,COURS SECONDAIRE ENTENTE GRAND-LAHOU,PRIVE
DABOU,COURS SECONDAIRE PROTESTANT DABOU,PRIVE
DABOU,G.S. FRATERNITE N'ZIANOUA,PRIVE
DABOU,GROUPE ELITE DABOU,PRIVE
,GROUPE SCOLAIRE COMOLAH PETITS ANGES GRAND-
DABOU,LAHOU,PRIVE
DABOU,GROUPE SCOLAIRE ELEVATION JACQUEVILLE,PRIVE
DABOU,GROUPE SCOLAIRE NAYEBA DABOU,PRIVE
DABOU,LYCEE MODERNE AKPA GNAGNE DABOU,PUBLIC
DABOU,LYCEE MODERNE GRAND-LAHOU,PUBLIC
DABOU,LYCEE MODERNE LEBOUTOU DABOU,PUBLIC
DABOU,LYCEE MUNICIPAL JACQUEVILLE,PUBLIC
DABOU,LYCEE TIAPANI DOMINIQUE DABOU,PUBLIC
DALOA,CNPTE DALOA,PUBLIC
DALOA,COLLEGE ABY AYOUB AL ANSARY Daloa,PRIVE
DALOA,COLLEGE CATHOLIQUE MGR KIRMANN DALOA,PRIVE
DALOA,COLLEGE CATHOLIQUE PIERRE PANGO DALOA,PRIVE
DALOA,COLLEGE CATHOLIQUE SAINT CHARLES Issia,PRIVE
DALOA,COLLEGE DIETY (Ex-Collège Les Acacias) Daloa,PRIVE
DALOA,COLLEGE ELITE DALOA,PRIVE
DALOA,COLLEGE FADIGA DALOA,PRIVE
DALOA,COLLEGE INABO ISSIA,PRIVE
DALOA,COLLEGE INTERNATIONAL NSIT WORLD DALOA,PRIVE
DALOA,COLLEGE JEAN XIII issia,PRIVE
DALOA,COLLEGE K. GBLAN BONOUFLA,PRIVE
DALOA,COLLEGE LA BONNE ETOILE BOGUEDIA,PRIVE
DALOA,COLLEGE LA REUSSITE ZOUKOUGBEU,PRIVE
DALOA,COLLEGE LE ROCHER ISSIA,PRIVE
DALOA,COLLEGE LES ELITES Zoukougbeu,PRIVE
DALOA,COLLEGE LOUIS PASTEUR ISSIA,PRIVE
DALOA,COLLEGE MODERNE BEDIALA,PUBLIC
DALOA,COLLEGE MODERNE DALOA,PUBLIC
DALOA,COLLEGE MODERNE ESPERANCE DALOA,PRIVE
DALOA,COLLEGE MODERNE GADOUAN,PUBLIC
DALOA,COLLEGE MODERNE GBOGUHE,PUBLIC
DALOA,COLLEGE Moderne Les Etoiles du Futur 2 DALOA,PRIVE
DALOA,COLLEGE MODERNE PRIVE WATEZO Saïoua,PRIVE
DALOA,COLLEGE MODERNE SAINTE TRINITE Issia,PRIVE
DALOA,COLLEGE MUNICIPAL SAIOUA,PUBLIC
DALOA,COLLEGE PIERRE MENDES,PRIVE
DALOA,COLLEGE PRIVE FATIMA DALOA,PRIVE
DALOA,COLLEGE PRIVE LA FONTAINE BLEUE Saïoua,PRIVE
DALOA,COLLEGE PRIVE LA MOISSON Gonaté,PRIVE
DALOA,COLLEGE SAINT EMILE Vavoua,PRIVE
DALOA,COLLEGE TOURE NASSANABA DALOA,PRIVE
DALOA,COLLEGE ZIADEMAN SAINT BERTIN,PRIVE
DALOA,COURS ORION,PRIVE
DALOA,COURS SANOH Daloa,PRIVE
DALOA,COURS SECONDAIRE PROTESTANT JEAN CALVIN DALOA,PRIVE
DALOA,GROUPE SCOLAIRE FLORA DALOA,PRIVE
DALOA,GROUPE SCOLAIRE GABRIEL BLEDE Gadouan,PRIVE
DALOA,GROUPE SCOLAIRE LE LABEL VAVOUA,PRIVE
DALOA,GROUPE SCOLAIRE LES ANGES DE GADOUAN,PRIVE
DALOA,GROUPE SCOLAIRE LES ANTILOPES,PRIVE
DALOA,GROUPE SCOLAIRE LOBOUO DE GUESSABO,PRIVE
DALOA,GROUPE SCOLAIRE UNION ISSIA,PRIVE
DALOA,GS ZOUZOUKO Z. PIERRE Iboguhé Issia,PRIVE
DALOA,IFED DALOA,PRIVE
DALOA,LYCEE ANTOINE GAUZE DALOA,PUBLIC
DALOA,LYCEE MODERNE 1 DALOA,PUBLIC
DALOA,LYCEE MODERNE 2 DALOA,PUBLIC
DALOA,LYCEE MODERNE 3 DALOA,PUBLIC
DALOA,LYCEE MODERNE 4 DALOA,PUBLIC
DALOA,LYCEE MODERNE ISSIA,PUBLIC
DALOA,LYCEE MODERNE VAVOUA,PUBLIC
DALOA,LYCEE MUNICIPAL KHALIL DALOA,PUBLIC
DALOA,LYCEE MUNICIPAL ISSIA,PUBLIC
DALOA,LYCEE MUNICIPAL ZOUKOUGBEU,PUBLIC
DAOUKRO,COLLEGE ASCENSION DAOUKRO,PRIVE
DAOUKRO,COLLEGE ASSA M'BAHIAKRO,PRIVE
DAOUKRO,COLLEGE ETRAMPHET OUELLE,PRIVE
DAOUKRO,COLLEGE IVOIRE DAOUKRO,PRIVE
DAOUKRO,COLLEGE MODERNE ETTROKRO,PUBLIC
DAOUKRO,COLLEGE MODERNE LE PRIVILEGE DAOUKRO,PRIVE
DAOUKRO,COLLEGE MODERNE MOUAHE DAOUKRO,PRIVE
DAOUKRO,COLLEGE N'SIFLOUWA DAOUKRO,PRIVE
DAOUKRO,GROUPE SCOLAIRE ISMA PRIKRO,PRIVE
DAOUKRO,INSTITUT SAINT HARMONY (ISH) M'BAHIAKRO,PRIVE
DAOUKRO,INSTITUT SECONDAIRE AKOUNDA Ouéllé,PRIVE
DAOUKRO,LYCEE ADRIEN KOUASSI TOLLAH OUELLE,PUBLIC
DAOUKRO,LYCEE MODERNE 1 DAOUKRO,PUBLIC
DAOUKRO,LYCEE MODERNE 2 DAOUKRO,PUBLIC
DAOUKRO,LYCEE MODERNE M'BAHIAKRO,PUBLIC
DAOUKRO,LYCEE MUNICIPAL PRIKRO,PUBLIC
DIMBOKRO,COLLEGE ABOUSSOUAN BONGOUANOU,PRIVE
DIMBOKRO,COLLEGE ALPHONSE ALLIRAND M'Batto,PRIVE
DIMBOKRO,COLLEGE ARCHANGE KOUASSI-KOUASSIKRO,PRIVE
DIMBOKRO,COLLEGE BOKPLI BOCANDA,PRIVE
DIMBOKRO,COLLEGE CANAAN,PRIVE
DIMBOKRO,COLLEGE CATHOLIQUE SAINT JOSEPH Dimbokro,PRIVE
DIMBOKRO,COLLEGE CHRIST ROI DIMBOKRO,PRIVE
DIMBOKRO,COLLEGE DE KOUADIO M'BATTO,PRIVE
DIMBOKRO,COLLEGE EMMAÜS BONGOUANOU,PRIVE
DIMBOKRO,COLLEGE ESPÉRANCE DIMBOKRO,PRIVE
DIMBOKRO,COLLEGE ESPOIR DU MORONOU KOTOBI,PRIVE
DIMBOKRO,COLLEGE HOUPHOUET FAITAI BONGOUANOU,PRIVE
DIMBOKRO,COLLEGE LA BENEDICTION Dimbokro,PRIVE
DIMBOKRO,COLLEGE LA MÉMOIRE M'BATTO,PRIVE
DIMBOKRO,COLLEGE LA NOUVELLE ALLIANCE DIMBOKRO,PRIVE
DIMBOKRO,COLLEGE LA PROVIDENCE DIMBOKRO,PRIVE
DIMBOKRO,COLLEGE LAFISSOU Comikro,PRIVE
DIMBOKRO,COLLEGE LE CHALLENGE DIMBOKRO,PRIVE
DIMBOKRO,COLLEGE LE TREMPLIN M'BATTO,PRIVE
DIMBOKRO,COLLEGE MODERNE ABONGOUA,PUBLIC
DIMBOKRO,COLLEGE MODERNE DIMBOKRO,PUBLIC
DIMBOKRO,COLLEGE MUNICIPAL ANOUMABA,PUBLIC
DIMBOKRO,COLLEGE MUNICIPAL KOUASSI-KOUASSIKRO,PUBLIC
DIMBOKRO,COLLEGE NOTRE DAME DE SECOURS 3,PRIVE
DIMBOKRO,COLLEGE N'ZI COMOE DIMBOKRO,PRIVE
DIMBOKRO,COLLEGE PAUL VI ARRAH,PRIVE
DIMBOKRO,COLLEGE PRESTIGE BOCANDA,PRIVE
DIMBOKRO,COLLEGE SAINT DOREL,PRIVE
DIMBOKRO,IEGT INSTITUT D'ENSEIGNEMENT GENERAL ET TECHN. B.,PRIVE
DIMBOKRO,LYCEE MODERNE BOCANDA,PUBLIC
DIMBOKRO,LYCEE MODERNE BONGOUANOU,PUBLIC
DIMBOKRO,LYCEE MODERNE D'ARRAH,PUBLIC
DIMBOKRO,LYCEE MODERNE DE M'BATTO,PUBLIC
DIMBOKRO,LYCEE MODERNE DIMBOKRO,PUBLIC
DIMBOKRO,LYCEE MUNICIPAL TIEMELEKRO,PUBLIC
DIVO,COLLEGE ADVENTISTE DIVO,PRIVE
DIVO,COLLEGE AHIANOT LAKOTA,PRIVE
DIVO,COLLEGE AKONDA DIVO,PRIVE
DIVO,COLLEGE AMIGNON DIVO,PRIVE
DIVO,COLLEGE ASSAKRA Guitry,PRIVE
DIVO,COLLEGE CATHOLIQUE NOTRE DAME D'EVRON LAKOTA,PRIVE
DIVO,COLLEGE CATHOLIQUE SAINTS PIERRE ET PAUL DIVO,PRIVE
DIVO,COLLEGE DE L'AMITIE HIRE,PRIVE
DIVO,COLLEGE DEGRE LAKOTA,PRIVE
DIVO,COLLEGE DEPARTEMENTAL LAKOTA,PRIVE
DIVO,COLLEGE EHOULE JAMES DIVO,PRIVE
DIVO,COLLEGE GRACE DIVINE DIVO,PRIVE
DIVO,COLLEGE ISSA TRAORE DIVO (EX- M. KEITA),PRIVE
DIVO,COLLEGE LE BON BERGER DIVO,PRIVE
DIVO,COLLEGE LE JOUR DIVO,PRIVE
DIVO,COLLEGE LE RENOUVEAU LAKOTA,PRIVE
DIVO,COLLEGE L'INTELLIGENT DIVO,PRIVE
DIVO,COLLEGE MODERNE DIVO,PUBLIC
DIVO,COLLEGE MUNICIPAL HIRÉ,PUBLIC
DIVO,COLLEGE MUNICIPAL ZIKISSO,PUBLIC
DIVO,COLLEGE MUPES HIRE,PRIVE
DIVO,COLLEGE NADREAU LA SOURCE HERMAN KONO,PRIVE
DIVO,COLLEGE PRIVE ATLANTIC DIVO,PRIVE
DIVO,COLLEGE PRIVE DIDIER DROGBA LAKOTA,PRIVE
DIVO,COLLEGE PRIVE FRANKLIN VAIR DE DAIRO DIDIZO DIVO,PRIVE
DIVO,COLLEGE PRIVE WABEME DE ZIKISSO,PRIVE
DIVO,COLLEGE RABE LAKOTA,PRIVE
DIVO,COLLEGE RACINE DIVO,PRIVE
DIVO,COLLEGE SELMATH HIRE,PRIVE
DIVO,COLLEGE SILO,PRIVE
DIVO,COLLEGE TOHOURI MARTIN DIVO,PRIVE
DIVO,COLLEGE VICTOR LOBA'D Daligoulilié,PRIVE
DIVO,COURS SECONDAIRE LEBE Lakota,PRIVE
DIVO,COURS SECONDAIRE SOLIDARITE GUITRY,PRIVE
DIVO,GROUPE ISAM DIVO,PRIVE
DIVO,GROUPE SCOLAIRE LES ANGES DE L'ETERNEL,PRIVE
DIVO,GROUPE SCOLAIRE LES BENOITS DIVO,PRIVE
DIVO,GROUPE SCOLAIRE SAINTE ANNE DIVO (Ex-GOUGO),PRIVE
DIVO,GROUPE SCOLAIRE SEIGNEUR YAWEH SABAOTH(SYS),PRIVE
DIVO,INST. SCOLAIRE SECONDAIRE ESSEIGOU AKA (ISSEA) Divo,PRIVE
DIVO,ISSEA,PRIVE
DIVO,LYCEE MODERNE 1 DIVO,PUBLIC
DIVO,LYCEE MODERNE 2 DIVO,PUBLIC
DIVO,LYCEE MODERNE ALPHONSE ASSAMOI DIVO,PUBLIC
DIVO,LYCEE MODERNE BOGA DOUDOU EMILE LAKOTA,PUBLIC
DIVO,LYCEE MODERNE GUITRY,PUBLIC
DUEKOUE,COLLEGE CHRIST ROI,PRIVE
DUEKOUE,COLLEGE CONFESSIONNEL JEAN GLAO DUEKOUE,PRIVE
DUEKOUE,COLLEGE GUIDY DUEKOUE,PRIVE
DUEKOUE,COLLEGE LE MANEY BANGOLO,PRIVE
DUEKOUE,COLLEGE LE PROFESSIONNEL DUEKOUE,PRIVE
DUEKOUE,COLLEGE LEGBEDJI YAO JULES,PRIVE
DUEKOUE,COLLEGE MODERNE BAD KOUIBLY,PUBLIC
DUEKOUE,COLLEGE MODERNE TOURE MAMADOU Duékoué,PRIVE
DUEKOUE,COLLEGE PRIVE ALPHONSE DOUATY GBAPLEU,PRIVE
DUEKOUE,COLLEGE PRIVE ANDRE DOH (CPAD) Duékoué,PRIVE
DUEKOUE,COLLEGE SAINT PIERRE DU GUEMOND DUEKOUE,PRIVE
DUEKOUE,COLLEGE VIGNON Duékoué,PRIVE
DUEKOUE,CSAK FACOBLY,PRIVE
DUEKOUE,INSTITUT CLASSIQUE LE PICOU BANGOLO,PRIVE
DUEKOUE,INSTITUT SECONDAIRE LE SOCIAL DUEKOUE,PRIVE
DUEKOUE,LYCEE MODERNE BANGOLO,PUBLIC
DUEKOUE,LYCEE MODERNE DUEKOUE,PUBLIC
DUEKOUE,LYCEE MODERNE FACOBLY,PUBLIC
FERKESSEDOUGOU,COLLEGE ALFA KEÏTA OUANGOLODOUGOU,PRIVE
FERKESSEDOUGOU,COLLEGE CHARLES LWANGA FERKESSEDOUGOU,PRIVE
FERKESSEDOUGOU,COLLEGE IFPG Ferkéssédougou,PRIVE
FERKESSEDOUGOU,COLLEGE MUNICIPAL DIAWALA,PUBLIC
FERKESSEDOUGOU,COLLEGE MUNICIPAL KONG,PUBLIC
FERKESSEDOUGOU,COLLEGE PRIVÉ KIYALI FERKESSEDOUGOU,PRIVE
FERKESSEDOUGOU,GROUPE SCOLAIRE YEWELIBA Ferkéssédougou,PRIVE
FERKESSEDOUGOU,LYCEE BAD OUANGOLO,PUBLIC
FERKESSEDOUGOU,LYCEE MODERNE FERKESSEDOUGOU,PUBLIC
FERKESSEDOUGOU,LYCEE MUNICIPAL NIELLE,PUBLIC
GAGNOA,COLLEGE SAINTE ADELINE BAYOTA,PRIVE
GAGNOA,COLLEGE AKATI Oumé,PRIVE
GAGNOA,COLLEGE ASSOHO,PRIVE
GAGNOA,COLLEGE CATHOLIQUE ROGER DUQUESNE GAGNOA,PRIVE
GAGNOA,COLLEGE CATHOLIQUE SAINT FRANCOIS OUME,PRIVE
GAGNOA,COLLEGE CATHOLIQUE SAINT JEAN GAGNOA,PRIVE
GAGNOA,COLLEGE CHALLENGE Ouragahio,PRIVE
GAGNOA,COLLEGE CHRIST-ROI,PRIVE
GAGNOA,COLLEGE CONFESSIONNEL ISLAMIQUE CISSE KAMOUROU,PRIVE
GAGNOA,COLLEGE DE LA PAIX GAGNOA,PRIVE
GAGNOA,COLLEGE DENIS DIDEROT OUME,PRIVE
GAGNOA,COLLEGE ENFANT JESUS GAGNOA,PRIVE
GAGNOA,COLLEGE ENTENTE GAGNOA,PRIVE
GAGNOA,COLLEGE France AFRIQUE,PRIVE
GAGNOA,COLLEGE GRACE MARIE Gagnoa,PRIVE
GAGNOA,COLLEGE GREBALO GUIBEROUA,PRIVE
GAGNOA,COLLEGE LA BONNE SEMENCE DE TAGO 2 GAGNOA,PRIVE
GAGNOA,COLLEGE LA FONTAINE GAGNOA,PRIVE
GAGNOA,COLLEGE LA SANGOUE DIEGONEFLA,PRIVE
GAGNOA,COLLEGE LE FORMATEUR GAGNOA,PRIVE
GAGNOA,COLLEGE LES ALLIANCES GAGNOA,PRIVE
GAGNOA,COLLEGE LES ELITES OUME,PRIVE
GAGNOA,COLLEGE MODERNE BAYOTA,PUBLIC
GAGNOA,COLLEGE MODERNE DRIBOUO,PUBLIC
GAGNOA,COLLEGE MODERNE GNAGBODOUGNOA,PUBLIC
GAGNOA,COLLEGE MODERNE MARSEH Diégonéfla,PRIVE
GAGNOA,COLLEGE MODERNE SERIHIO,PUBLIC
GAGNOA,COLLEGE MUNICIPAL DIEGONEFLA,PUBLIC
GAGNOA,COLLEGE MUNICIPAL GUIBEROUA,PUBLIC
GAGNOA,COLLEGE PRIVE DJEOULE DIDDEY OURAGAHIO,PRIVE
GAGNOA,COLLEGE PRIVE ESPOIR OUME,PRIVE
GAGNOA,COLLEGE PRIVE LES PIONNIERS DE GUEPAHOUO,PRIVE
GAGNOA,COLLEGE PYTHAGORE GAGNOA,PRIVE
GAGNOA,COLLEGE SAINTE MADELEINE GAGNOA,PRIVE
GAGNOA,COLLEGE SIRIKI KONE GAGNOA,PRIVE
GAGNOA,COLLEGE YACOUBA SYLLA OUME,PRIVE
GAGNOA,COLLEGE ZADY GAGNOA,PRIVE
GAGNOA,GROUPE SCOLAIRE KESSIE GAGNOA,PRIVE
GAGNOA,INSTITUT SCOLAIRE JULIEN FREUD GAGNOA,PRIVE
GAGNOA,INSTITUT SCOLAIRE LA SOURCE GUIBEROUA,PRIVE
GAGNOA,INSTITUT SECONDAIRE CHALLENGE DIEGONEFLA,PRIVE
GAGNOA,LYCEE MODERNE 1 GAGNOA,PUBLIC
GAGNOA,LYCEE MODERNE 2 GAGNOA,PUBLIC
GAGNOA,LYCEE MODERNE 3 GAGNOA,PUBLIC
GAGNOA,LYCEE MODERNE OUME,PUBLIC
GAGNOA,LYCEE MUNICIPAL OURAGAHIO,PUBLIC
GUIGLO,COLLEGE DOH VALENTIN GUIGLO,PRIVE
GUIGLO,COLLEGE LEGBEDJI YAO JULES,PRIVE
GUIGLO,COLLEGE MUNICIPAL BLOLEQUIN,PUBLIC
GUIGLO,COLLEGE MUNICIPAL PEHE,PUBLIC
GUIGLO,COLLEGE MUNICIPAL TAI,PUBLIC
GUIGLO,COLLEGE MUNICIPAL TANRY,PUBLIC
GUIGLO,COLLEGE PRIVE OBAMA GUIGLO,PRIVE
GUIGLO,COLLEGE SEKALA GUIGLO,PRIVE
GUIGLO,COURS SECONDAIRE LA REFERENCE GUIGLO,PRIVE
GUIGLO,GROUPE SCOLAIRE DEE-LEGNAN ZAGNE GUIGLO,PRIVE
GUIGLO,INSTITUT CATHOLIQUE MANUELA BLOLEQUIN,PRIVE
GUIGLO,LYCEE MODERNE GUIGLO,PUBLIC
GUIGLO,LYCEE MODERNE TOULEPLEU,PUBLIC
KATIOLA,COLLEGE ABDALLAH Dabakala,PRIVE
KATIOLA,COLLEGE ADESKA KATIOLA,PRIVE
KATIOLA,COLLEGE ANARCARDIER,PRIVE
KATIOLA,COLLEGE MODERNE BONIEREDOUGOU,PUBLIC
KATIOLA,COLLEGE MODERNE KATIOLA,PUBLIC
KATIOLA,COLLEGE MODERNE TORTIYA,PUBLIC
KATIOLA,COLLEGE MUNICIPAL SATAMA-SOKORO,PUBLIC
KATIOLA,COLLEGE MUNICIPAL TAFIRE,PUBLIC
KATIOLA,COLLEGE THOMAS D'ACQUIN KATIOLA,PRIVE
KATIOLA,GROUPE IFPG Niakaramandougou,PRIVE
KATIOLA,LYCEE MODERNE DABAKALA,PUBLIC
KATIOLA,LYCEE MODERNE KATIOLA,PUBLIC
KATIOLA,LYCEE MUNICIPAL NIAKARAMADOUGOU,PUBLIC
KORHOGO,C.S.T.P.,PRIVE
KORHOGO,COLLEGE BEMA COULIBALY KORHOGO,PRIVE
KORHOGO,COLLEGE BETHLEEM Korhogo,PRIVE
KORHOGO,COLLEGE COULIBALY SONA HABIB KORHOGO,PRIVE
KORHOGO,COLLEGE DON BOSCO KORHOGO,PRIVE
KORHOGO,COLLEGE GUESSONGUILE PAUL MARIE (EX: Nanlo Bamba),PRIVE
KORHOGO,COLLEGE JEAN DE LA FONTAINE Korhogo,PRIVE
KORHOGO,COLLEGE KIMOU M'BRA KORHOGO,PRIVE
KORHOGO,COLLEGE LAGNON KORHOGO,PRIVE
KORHOGO,COLLEGE LONIYA KORHOGO,PRIVE
KORHOGO,COLLEGE MARCELLIN CHAMPAGNAT KORHOGO,PRIVE
KORHOGO,COLLEGE MODERNE KORHOGO,PUBLIC
KORHOGO,COLLEGE MODERNE NIOFOIN,PUBLIC
KORHOGO,COLLEGE MODERNE SORO N'DOSSOULOU DE SOHOUO,PUBLIC
KORHOGO,COLLEGE MUNICIPAL DIKODOUGOU,PUBLIC
KORHOGO,COLLEGE MUNICIPAL M'BENGUE,PUBLIC
KORHOGO,COLLEGE MUNICIPAL NAPIE,PUBLIC
KORHOGO,COLLEGE MUNICIPAL SIRASSO,PUBLIC
KORHOGO,COLLEGE PRIVE CALAO Korhogo,PRIVE
KORHOGO,COLLEGE SAINTE ELISABETH KORHOGO,PRIVE
KORHOGO,COLLEGE SAKANOKO LOSSENI KORHOGO,PRIVE
KORHOGO,COURS NAFITINI,PRIVE
KORHOGO,GROUPE SCOLAIRE ALY CHIGATA,PRIVE
KORHOGO,IFPG KORHOGO,PRIVE
KORHOGO,LYCEE HOUPHOUET BOIGNY KORHOGO,PUBLIC
KORHOGO,LYCEE MODERNE KORHOGO,PUBLIC
KORHOGO,LYCEE MUNICIPAL KORHOGO,PUBLIC
KORHOGO,LYCEE MUNICIPAL SINEMATIALI,PUBLIC
MAN,AL TARBIYAT EL ISLAMIYAT,PRIVE
MAN,COLLEGE BLON BLAISE MAN,PRIVE
MAN,COLLEGE BONNE ESPERANE ZOUEN-HOUNIEN,PRIVE
MAN,COLLEGE BRICE PROVINCIAL,PRIVE
MAN,COLLEGE CATHOLIQUE JEAN DE LA MENNAIS MAN,PRIVE
MAN,COLLEGE CATHOLIQUE SAINT HENRI DE OSSO MAN,PRIVE
MAN,COLLEGE CATHOLIQUE SAINTS MARTYRS DE L'OUGANDA,PRIVE
MAN,COLLEGE DANIEL RICHARD SIPILOU,PRIVE
MAN,COLLEGE D'ENSEIG. SECOND. TECHNIQUE LOGOUALÉ,PRIVE
MAN,COLLEGE DIETY FELIX ( Ex-ROUSSEAU) Danané,PRIVE
MAN,COLLEGE EMILE O. DOMORAUD MAN,PRIVE
MAN,COLLEGE GUEU PASCAL BIANKOUMA,PRIVE
MAN,COLLEGE GUEU PASCAL MAN,PRIVE
MAN,COLLEGE MODERNE JEUNE FILLES DE MAN,PUBLIC
MAN,COLLEGE MODERNE LA REFONDATION Danané,PRIVE
MAN,COLLEGE MODERNE MAHAPLEU,PUBLIC
MAN,COLLEGE MODERNE MAN,PUBLIC
MAN,COLLEGE MUNICIPAL BIN-HOUYE,PUBLIC
MAN,COLLEGE MUNICIPAL DANANE,PUBLIC
MAN,COLLEGE MUNICIPAL GBONNE,PUBLIC
MAN,COLLEGE MUNICIPAL LOGOUALE,PUBLIC
MAN,COLLEGE MUNICIPAL MAN,PUBLIC
MAN,COLLEGE MUNICIPAL OULAI GOUE ANTOINE SANGOUINE,PUBLIC
MAN,COLLEGE MUNICIPAL SIPILOU,PUBLIC
MAN,COLLEGE MUNICIPAL ZOUAN-HOUNIEN,PUBLIC
MAN,COLLEGE PRIVE DES PROFESSEURS,PRIVE
MAN,COLLEGE PRIVE DIAWAR MAN,PRIVE
MAN,COLLEGE PRIVE JULIETTE RECAMIER DANANE,PRIVE
MAN,COLLEGE SAINT DAVID DE DANANE,PRIVE
MAN,COLLEGE SIA ANDRE MAN,PRIVE
MAN,COURS SECONDAIRE LE PRESTIGE ZOUEN-HOUNIEN,PRIVE
MAN,DOUMBIA EL HADJ BANGALY,PRIVE
MAN,INSTITUT AL IMAN MALIKI BOUNE,PRIVE
MAN,INSTITUT DE FORMATION TECHNIQUE ET GENERAL MAN,PRIVE
MAN,INSTITUT PRIVÉ ECBK MAN,PRIVE
MAN,LYCEE MODERNE BIANKOUMA,PUBLIC
MAN,LYCEE MODERNE DANANE,PUBLIC
MAN,LYCEE MODERNE MAN,PUBLIC
MAN,NOUR EL HOUDA,PRIVE
MAN,SINGA DE GOGNAN,PRIVE
MANKONO,COLLEGE IBLO FOFANA Mankono,PRIVE
MANKONO,COLLEGE MODERNE BAD TIENINGBOUE,PUBLIC
MANKONO,COLLEGE MODERNE BOUANDOUGOU,PUBLIC
MANKONO,COLLEGE MODERNE SARHALA,PUBLIC
MANKONO,COLLEGE MUNICIPAL DIANRA,PUBLIC
MANKONO,COLLEGE MUNICIPAL KOUNAHIRI,PUBLIC
MANKONO,COLLEGE PRIVE JUAN CARLOS 1ER I MANKONO,PRIVE
MANKONO,LYCEE MUNICIPAL MANKONO,PUBLIC
ODIENNE,COLLEGE MODERNE DE BAKO,PUBLIC
ODIENNE,COLLEGE MODERNE ET TECHNIQUE DIABY ODIENNE,PRIVE
ODIENNE,COLLEGE MODERNE ODIENNE,PUBLIC
ODIENNE,COLLEGE MUNICIPAL MADINANI,PUBLIC
ODIENNE,COLLEGE MUNICIPAL MINIGNAN,PUBLIC
ODIENNE,COLLEGE MUNICIPAL SAMATIGUILA,PUBLIC
ODIENNE,COLLEGE MUNICIPAL SEGUELON,PUBLIC
ODIENNE,COLLEGE MUNICIPAL TIEME,PUBLIC
ODIENNE,GROUPE SCOLAIRE MAMADOU COULIBALY ODIENNE,PRIVE
ODIENNE,LYCEE MODERNE ODIENNE,PUBLIC
SAN-PEDRO,COLLEGE GBAO SAN-PEDRO,PRIVE
SAN-PEDRO,COLLEGE LA RUCHE SAN-PEDRO,PRIVE
SAN-PEDRO,COLLEGE LES LUTINS SAN-PEDRO,PRIVE
SAN-PEDRO,LYCEE MODERNE TABOU,PUBLIC
SAN-PEDRO,GROUPE SCOLAIRE JULES FERRY SAN-PEDRO,PRIVE
SAN-PEDRO,LYCEE MODERNE INAGOHI DE SAN-PEDRO,PUBLIC
SAN-PEDRO,COLLEGE LA FAYETTE SAN-PEDRO,PRIVE
SAN-PEDRO,COLLEGE MUNICIPAL GRABO,PUBLIC
SAN-PEDRO,COLLEGE MUNICIPAL GRAND-BEREBY,PUBLIC
SAN-PEDRO,LYCEE MUNICIPAL 1 SAN-PEDRO,PUBLIC
SAN-PEDRO,LYCEE MUNICIPAL 2 SAN-PEDRO,PUBLIC
SAN-PEDRO,COLLEGE LE SUCCES TABOU,PRIVE
SAN-PEDRO,INSTITUT MODERNE ATHENA SAN-PEDRO,PRIVE
SAN-PEDRO,INSTITUT SECONDAIRE LES PEDAGOGUES SAN-PEDRO,PRIVE
SAN-PEDRO,COLLEGE MODERNE SAN-PEDRO,PUBLIC
SAN-PEDRO,COLLEGE DJOBLE CYPRIEN SAN-PEDRO,PRIVE
SAN-PEDRO,INSTITUT SECONDAIRE MARIE ROSE SAN-PEDRO,PRIVE
SAN-PEDRO,GS CLAIRE ANGE SAN-PEDRO,PRIVE
SAN-PEDRO,COLLEGE CHRIST ROI SAN-PEDRO,PRIVE
SAN-PEDRO,GROUPE SCOLAIRE MELLIN SERAPHIN TABOU,PRIVE
SAN-PEDRO,COLLEGE ATLANTIQUE SAN-PEDRO,PRIVE
SAN-PEDRO,COLLEGE LE CLASSIQUE SAN-PEDRO,PRIVE
SAN-PEDRO,COPESS SAN-PEDRO,PRIVE
SAN-PEDRO,GROUPE SCOLAIRE AL GHADIR SAN-PEDRO,PRIVE
SAN-PEDRO,COLLEGE LES ELUS Tabou,PRIVE
SAN-PEDRO,COLLEGE PRIVE AWAWLA GABIADJI,PRIVE
SAN-PEDRO,CSAD SAN-PEDRO,PRIVE
SAN-PEDRO,COURS SECONDAIRE ASSEMBLEE DE DIEU SAN-PEDRO,PRIVE
SAN-PEDRO,COLLEGE LOUBO GRAND-ZATRY,PRIVE
SASSANDRA,COLLEGE MODERNE SASSANDRA,PUBLIC
SASSANDRA,LYCEE MODERNE GOFFRY Kouassi Raymond SASSANDRA,PUBLIC
SASSANDRA,LYCEE MODERNE FRESCO,PUBLIC
SASSANDRA,COLLEGE PRIVÉ LÉGRÉ SASSANDRA,PRIVE
SASSANDRA,COLLEGE SAINTE MARIE FRESCO,PRIVE
SASSANDRA,GROUPE SCOLAIRE AHIRKO SASSANDRA,PRIVE
SASSANDRA,COLLEGE MODERNE PRIVE SAINT PIERRE FRESCO,PRIVE
SASSANDRA,COLLEGE DJIBI SASSANDRA,PRIVE
SEGUELA,COLLEGE BAD SEGUELA,PUBLIC
SEGUELA,COLLEGE LASANO SEGUELA,PRIVE
SEGUELA,COLLEGE LE WORODOUGOU SEGUELA,PRIVE
SEGUELA,COLLEGE LES ELITES DE SEGUELA,PRIVE
SEGUELA,COLLEGE MODERNE MASSALA,PUBLIC
SEGUELA,COLLEGE MODERNE MORONDO,PUBLIC
SEGUELA,COLLEGE MODERNE SIFIE,PUBLIC
SEGUELA,COLLEGE MUNICIPAL KANI,PUBLIC
SEGUELA,LYCEE MODERNE SEGUELA,PUBLIC
SOUBRE,COLLEGE BEAKOU SOPHIE Z. SOUBRE,PRIVE
SOUBRE,COLLEGE EXCELLENCE SOUBRE,PRIVE
SOUBRE,COLLEGE GBAO SEBO MEAGUI,PRIVE
SOUBRE,COLLEGE HARRIS MEMEL FOTE MEAGUI,PRIVE
SOUBRE,COLLEGE KÔTHOH LES LUMIERES Méagui,PRIVE
SOUBRE,COLLEGE LA BONNE ETOILE MEAGUI,PRIVE
SOUBRE,COLLEGE LA FONTAINE Méagui,PRIVE
SOUBRE,COLLEGE LE SAINT DES SAINTS SOUBRE,PRIVE
SOUBRE,COLLEGE LEON GUEFFIE SOUBRE,PRIVE
SOUBRE,COLLEGE LOUBO,PRIVE
SOUBRE,COLLEGE MARIE KORE SOUBRE,PRIVE
SOUBRE,COLLEGE MODERNE BAD SOUBRE,PUBLIC
SOUBRE,COLLEGE MODERNE KFW GUEYO (ex Municipal),PUBLIC
SOUBRE,COLLEGE MODERNE KFW MEAGUI,PUBLIC
SOUBRE,COLLEGE MUNICIPAL GRAND ZATTRY,PUBLIC
SOUBRE,COLLEGE NAWA SOUBRE,PRIVE
SOUBRE,COLLEGE RABE YAO GUEYO,PRIVE
SOUBRE,COLLEGE SAINT ANDRE Buyo,PRIVE
SOUBRE,COURS SECONDAIRE ASSEMBLEE DE DIEU SOUBRE,PRIVE
SOUBRE,GROUP EDUCA-TOUS INTER Méagui,PRIVE
SOUBRE,GROUPE SCOLAIRE DOZO SOUBRE,PRIVE
SOUBRE,GROUPE SCOLAIRE GRACE DIVINE SOUBRE,PRIVE
SOUBRE,GROUPE SCOLAIRE LA VICTOIRE Yabayo,PRIVE
SOUBRE,GROUPE SCOLAIRE MARKANGE SOUBRE,PRIVE
SOUBRE,GS MUEFI SOUBRE,PRIVE
SOUBRE,IMEX LA BONNE SEMENCE TAGO Soubré,PRIVE
SOUBRE,LYCEE MODERNE 1 SOUBRE,PUBLIC
SOUBRE,LYCEE MODERNE 2 SOUBRE,PUBLIC
SOUBRE,LYCEE MUNICIPAL BUYO,PUBLIC
TOUBA,COLLEGE KONE MAMADOU TOUBA,PRIVE
TOUBA,COLLEGE MODERNE OUANINOU,PUBLIC
TOUBA,COLLEGE MUNICIPAL KORO,PUBLIC
TOUBA,LYCEE GOUVERNEUR A. FADIGA TOUBA,PUBLIC
YAMOUSSOUKRO,COLLEGE ARCHIMEDE YAMOUSSOUKRO,PRIVE
YAMOUSSOUKRO,COLLEGE ALBERT EINSTEIN YAMOUSSOUKRO,PRIVE
YAMOUSSOUKRO,COLLEGE ANGE DOMINIQUE DE Yamoussoukro,PRIVE
YAMOUSSOUKRO,COLLEGE ANOUANZE DIDIEVI,PRIVE
YAMOUSSOUKRO,COLLEGE CATHOLIQUE SAINT MICHEL,PRIVE
YAMOUSSOUKRO,COLLEGE ENOC TIEBISSOU,PRIVE
YAMOUSSOUKRO,COLLEGE ESPERANCE TOUMODI,PRIVE
YAMOUSSOUKRO,COLLEGE GANDHI Yamoussoukro,PRIVE
YAMOUSSOUKRO,COLLEGE HELEIS YAMOUSSOUKRO,PRIVE
YAMOUSSOUKRO,COLLEGE JEAN DELAFOSSE TOUMODI,PRIVE
YAMOUSSOUKRO,COLLEGE K. L. DJEDRI YAMOUSSOUKRO,PRIVE
YAMOUSSOUKRO,COLLEGE KONAN YAMOUSSOUKRO,PRIVE
YAMOUSSOUKRO,COLLEGE KOUAKOU AURELIE 1 YAMOUSSOUKRO,PRIVE
YAMOUSSOUKRO,COLLEGE KOUAKOU AURELIE 2 YAMOUSSOUKRO,PRIVE
YAMOUSSOUKRO,COLLEGE LA CONCORDE TOUMODI,PRIVE
YAMOUSSOUKRO,COLLEGE LA FONTAINE YAMOUSSOUKRO,PRIVE
YAMOUSSOUKRO,COLLEGE LE PEDAGOGUE YAMOUSSOUKRO,PRIVE
YAMOUSSOUKRO,COLLEGE MARCEL RACHIN TIEBISSOU,PRIVE
YAMOUSSOUKRO,COLLEGE MODERNE ATTIEGOUAKRO,PUBLIC
YAMOUSSOUKRO,COLLEGE MODERNE II YAMOUSSOUKRO,PUBLIC
YAMOUSSOUKRO,COLLEGE MODERNE KOSSOU,PUBLIC
YAMOUSSOUKRO,COLLEGE MODERNE KPOUEBO,PUBLIC
YAMOUSSOUKRO,COLLEGE MODERNE MOLONOUBLE,PUBLIC
YAMOUSSOUKRO,COLLEGE MODERNE-I BAD YAMOUSSOUKRO,PUBLIC
YAMOUSSOUKRO,COLLEGE MUNICIPAL ANGONDA,PUBLIC
YAMOUSSOUKRO,COLLEGE MUNICIPAL DIDIEVI,PUBLIC
YAMOUSSOUKRO,COLLEGE MUNICIPAL KPOUEBO,PUBLIC
YAMOUSSOUKRO,COLLEGE MUNICIPAL TIENDIEKRO,PUBLIC
YAMOUSSOUKRO,COLLEGE MUNICIPAL YAMOUSSOUKRO,PUBLIC
YAMOUSSOUKRO,COLLEGE NOTRE DAME DE LA VISITATION YAMOUSSOUKRO,PRIVE
YAMOUSSOUKRO,COLLEGE NOTRE DAME DES LACS 1 YAMOUSSOUKRO,PRIVE
YAMOUSSOUKRO,COLLEGE NOTRE DAME DES LACS 2 YAMOUSSOUKRO,PRIVE
YAMOUSSOUKRO,COLLEGE N'ZIKAN Didiévi,PRIVE
YAMOUSSOUKRO,COLLEGE PRIVE BILL GATES TIEBISSOU,PRIVE
YAMOUSSOUKRO,COLLEGE PRIVE DU KAN TIEBISSOU,PRIVE
YAMOUSSOUKRO,COLLEGE PRIVE N'DOVIA TOUMODI,PRIVE
YAMOUSSOUKRO,COURS SECONDAIRE PROTESTANT CMA YAMOUSSOUKRO,PRIVE
YAMOUSSOUKRO,INSTITUT D'ENSEIGN. SECONDAIRE EDEN YAMOUSSOUKRO,PRIVE
YAMOUSSOUKRO,INSTITUT SECONDAIRE PRESTIGE TOUMODI,PRIVE
YAMOUSSOUKRO,LA FONTAINE 3 SOPIM,PRIVE
YAMOUSSOUKRO,LYCEE COFFI GADEAU TIEBISSOU,PUBLIC
YAMOUSSOUKRO,LYCEE MAMIE ADJOUA YAMOUSSOUKRO,PUBLIC
YAMOUSSOUKRO,LYCEE MIXTE 1 YAMOUSSOUKRO,PUBLIC
YAMOUSSOUKRO,LYCEE MIXTE 2 YAMOUSSOUKRO,PUBLIC
YAMOUSSOUKRO,LYCEE MODERNE 1 TOUMODI,PUBLIC
YAMOUSSOUKRO,LYCEE MODERNE 2 TOUMODI (ex college moderne),PUBLIC
YAMOUSSOUKRO,LYCEE MODERNE DIDIEVI,PUBLIC
YAMOUSSOUKRO,LYCEE MODERNE DJEKANOU,PUBLIC
YAMOUSSOUKRO,LYCEE MODERNE KOKOUMBO,PUBLIC
YAMOUSSOUKRO,LYCEE SCIENTIFIQUE YAMOUSSOUKRO,PUBLIC
