Année,Statut,Catégorie,Sous-catégorie,Détails,Montant
2011,Réalisé,Ressources budgétaires,Recettes fiscales,DGI ,863.8
2011,Réalisé,Ressources budgétaires,Recettes fiscales,TRESOR,3
2011,Réalisé,Ressources budgétaires,Recettes fiscales,"DGD (hors PCS, PCC et SGS)",611.4
2011,Réalisé,Ressources budgétaires,Autres ressources intérieures,Privatisation et ventes d'actifs,0
2011,Réalisé,Ressources budgétaires,Autres ressources intérieures,Transfert des entreprises/dette rétrocédée,0.698
2011,Réalisé,Ressources budgétaires,Autres ressources intérieures,Autres recettes non fiscales ,48.96803295
2011,Réalisé,Ressources budgétaires,Autres ressources intérieures,Intégration de ressources additionnelles C2D,6.19
2011,Réalisé,Ressources budgétaires,Autres ressources intérieures,Arriérés dividendes PETROCI
2011,Réalisé,Ressources budgétaires,Emprunts sur marchés monetaire et financier,,780.945
2011,Réalisé,Ressources budgétaires,Ressources extérieures,Appuis budgétaires,463.85900000000004
2011,Réalisé,Ressources budgétaires,Ressources extérieures,Financement extérieur des projets,113.638
2011,Réalisé,Ressources budgétaires,Ressources extérieures,Restructuration de dettes,248.557
2011,Réalisé,Ressources budgétaires,Recettes des comptes spéciaux du Trésor,Fonds d'Investissements en Milieu Rural (FIMR) 
2011,Réalisé,Ressources budgétaires,Recettes des comptes spéciaux du Trésor,Transfert au Fonds d'Entretien Routier (FER)
2011,Réalisé,Ressources budgétaires,Recettes des comptes spéciaux du Trésor,Recettes affectées aux collectivités
2011,Réalisé,Ressources budgétaires,Recettes des comptes spéciaux du Trésor,TSU SIR
2011,Réalisé,Ressources budgétaires,Recettes des comptes spéciaux du Trésor,Autres recettes affectées et parafiscalité
2012,Réalisé,Ressources budgétaires,Recettes fiscales,DGI ,1156.9
2012,Réalisé,Ressources budgétaires,Recettes fiscales,TRESOR,6.4
2012,Réalisé,Ressources budgétaires,Recettes fiscales,"DGD (hors PCS, PCC et SGS)",888.8
2012,Réalisé,Ressources budgétaires,Autres ressources intérieures,Privatisation et ventes d'actifs,0
2012,Réalisé,Ressources budgétaires,Autres ressources intérieures,Transfert des entreprises/dette rétrocédée,0.168
2012,Réalisé,Ressources budgétaires,Autres ressources intérieures,Autres recettes non fiscales ,105.314
2012,Réalisé,Ressources budgétaires,Autres ressources intérieures,Intégration de ressources additionnelles C2D,14.662
2012,Réalisé,Ressources budgétaires,Autres ressources intérieures,Arriérés dividendes PETROCI
2012,Réalisé,Ressources budgétaires,Emprunts sur marchés monetaire et financier,,399.359
2012,Réalisé,Ressources budgétaires,Ressources extérieures,Appuis budgétaires,132.508
2012,Réalisé,Ressources budgétaires,Ressources extérieures,Financement extérieur des projets,136.603
2012,Réalisé,Ressources budgétaires,Ressources extérieures,Restructuration de dettes,348.331
2012,Réalisé,Ressources budgétaires,Recettes des comptes spéciaux du Trésor,Fonds d'Investissements en Milieu Rural (FIMR) 
2012,Réalisé,Ressources budgétaires,Recettes des comptes spéciaux du Trésor,Transfert au Fonds d'Entretien Routier (FER)
2012,Réalisé,Ressources budgétaires,Recettes des comptes spéciaux du Trésor,Recettes affectées aux collectivités
2012,Réalisé,Ressources budgétaires,Recettes des comptes spéciaux du Trésor,TSU SIR
2012,Réalisé,Ressources budgétaires,Recettes des comptes spéciaux du Trésor,Autres recettes affectées et parafiscalité
2013,Réalisé,Ressources budgétaires,Recettes fiscales,DGI ,1132
2013,Réalisé,Ressources budgétaires,Recettes fiscales,TRESOR,7
2013,Réalisé,Ressources budgétaires,Recettes fiscales,"DGD (hors PCS, PCC et SGS)",1015.8
2013,Réalisé,Ressources budgétaires,Autres ressources intérieures,Privatisation et ventes d'actifs,0
2013,Réalisé,Ressources budgétaires,Autres ressources intérieures,Transfert des entreprises/dette rétrocédée,1.065
2013,Réalisé,Ressources budgétaires,Autres ressources intérieures,Autres recettes non fiscales ,137.528
2013,Réalisé,Ressources budgétaires,Autres ressources intérieures,Intégration de ressources additionnelles C2D,28.72
2013,Réalisé,Ressources budgétaires,Autres ressources intérieures,Arriérés dividendes PETROCI
2013,Réalisé,Ressources budgétaires,Emprunts sur marchés monetaire et financier,,863.297
2013,Réalisé,Ressources budgétaires,Ressources extérieures,Appuis budgétaires,232.30900000000003
2013,Réalisé,Ressources budgétaires,Ressources extérieures,Financement extérieur des projets,324.24399999999997
2013,Réalisé,Ressources budgétaires,Ressources extérieures,Restructuration de dettes,0.094
2013,Réalisé,Ressources budgétaires,Recettes des comptes spéciaux du Trésor,Fonds d'Investissements en Milieu Rural (FIMR) 
2013,Réalisé,Ressources budgétaires,Recettes des comptes spéciaux du Trésor,Transfert au Fonds d'Entretien Routier (FER)
2013,Réalisé,Ressources budgétaires,Recettes des comptes spéciaux du Trésor,Recettes affectées aux collectivités
2013,Réalisé,Ressources budgétaires,Recettes des comptes spéciaux du Trésor,TSU SIR
2013,Réalisé,Ressources budgétaires,Recettes des comptes spéciaux du Trésor,Autres recettes affectées et parafiscalité
2014,Réalisé,Ressources budgétaires,Recettes fiscales,DGI ,1174.5
2014,Réalisé,Ressources budgétaires,Recettes fiscales,TRESOR,8.4
2014,Réalisé,Ressources budgétaires,Recettes fiscales,"DGD (hors PCS, PCC et SGS)",1163.4
2014,Réalisé,Ressources budgétaires,Autres ressources intérieures,Privatisation et ventes d'actifs,0
2014,Réalisé,Ressources budgétaires,Autres ressources intérieures,Transfert des entreprises/dette rétrocédée,15.699
2014,Réalisé,Ressources budgétaires,Autres ressources intérieures,Autres recettes non fiscales ,70.199
2014,Réalisé,Ressources budgétaires,Autres ressources intérieures,Intégration de ressources additionnelles C2D,4.288
2014,Réalisé,Ressources budgétaires,Autres ressources intérieures,Arriérés dividendes PETROCI
2014,Réalisé,Ressources budgétaires,Emprunts sur marchés monetaire et financier,,1454.454
2014,Réalisé,Ressources budgétaires,Ressources extérieures,Appuis budgétaires,306.129
2014,Réalisé,Ressources budgétaires,Ressources extérieures,Financement extérieur des projets,185.72799999999998
2014,Réalisé,Ressources budgétaires,Ressources extérieures,Restructuration de dettes,2.213
2014,Réalisé,Ressources budgétaires,Recettes des comptes spéciaux du Trésor,Fonds d'Investissements en Milieu Rural (FIMR) ,12.196
2014,Réalisé,Ressources budgétaires,Recettes des comptes spéciaux du Trésor,Transfert au Fonds d'Entretien Routier (FER)
2014,Réalisé,Ressources budgétaires,Recettes des comptes spéciaux du Trésor,Recettes affectées aux collectivités
2014,Réalisé,Ressources budgétaires,Recettes des comptes spéciaux du Trésor,TSU SIR
2014,Réalisé,Ressources budgétaires,Recettes des comptes spéciaux du Trésor,Autres recettes affectées et parafiscalité
2015,Réalisé,Ressources budgétaires,Recettes fiscales,DGI ,1343.7
2015,Réalisé,Ressources budgétaires,Recettes fiscales,TRESOR,8.9
2015,Réalisé,Ressources budgétaires,Recettes fiscales,"DGD (hors PCS, PCC et SGS)",1341.9
2015,Réalisé,Ressources budgétaires,Autres ressources intérieures,Privatisation et ventes d'actifs,33.307
2015,Réalisé,Ressources budgétaires,Autres ressources intérieures,Transfert des entreprises/dette rétrocédée,7.648
2015,Réalisé,Ressources budgétaires,Autres ressources intérieures,Autres recettes non fiscales ,263.33624
2015,Réalisé,Ressources budgétaires,Autres ressources intérieures,Intégration de ressources additionnelles C2D,305.596
2015,Réalisé,Ressources budgétaires,Autres ressources intérieures,Arriérés dividendes PETROCI
2015,Réalisé,Ressources budgétaires,Emprunts sur marchés monetaire et financier,,1270.627
2015,Réalisé,Ressources budgétaires,Ressources extérieures,Appuis budgétaires,322.233
2015,Réalisé,Ressources budgétaires,Ressources extérieures,Financement extérieur des projets,250.047
2015,Réalisé,Ressources budgétaires,Ressources extérieures,Restructuration de dettes,0.051
2015,Réalisé,Ressources budgétaires,Recettes des comptes spéciaux du Trésor,Fonds d'Investissements en Milieu Rural (FIMR) ,11.267
2015,Réalisé,Ressources budgétaires,Recettes des comptes spéciaux du Trésor,Transfert au Fonds d'Entretien Routier (FER),58.69
2015,Réalisé,Ressources budgétaires,Recettes des comptes spéciaux du Trésor,Recettes affectées aux collectivités
2015,Réalisé,Ressources budgétaires,Recettes des comptes spéciaux du Trésor,TSU SIR
2015,Réalisé,Ressources budgétaires,Recettes des comptes spéciaux du Trésor,Autres recettes affectées et parafiscalité
2016,Réalisé,Ressources budgétaires,Recettes fiscales,DGI ,1525.4
2016,Réalisé,Ressources budgétaires,Recettes fiscales,TRESOR,9.507
2016,Réalisé,Ressources budgétaires,Recettes fiscales,"DGD (hors PCS, PCC et SGS)",1400.5
2016,Réalisé,Ressources budgétaires,Autres ressources intérieures,Privatisation et ventes d'actifs,27.028
2016,Réalisé,Ressources budgétaires,Autres ressources intérieures,Transfert des entreprises/dette rétrocédée,4.883
2016,Réalisé,Ressources budgétaires,Autres ressources intérieures,Autres recettes non fiscales ,67.518
2016,Réalisé,Ressources budgétaires,Autres ressources intérieures,Intégration de ressources additionnelles C2D,1.832
2016,Réalisé,Ressources budgétaires,Autres ressources intérieures,Arriérés dividendes PETROCI
2016,Réalisé,Ressources budgétaires,Emprunts sur marchés monetaire et financier,,1688.254
2016,Réalisé,Ressources budgétaires,Ressources extérieures,Appuis budgétaires,295.336
2016,Réalisé,Ressources budgétaires,Ressources extérieures,Financement extérieur des projets,353.49100000000004
2016,Réalisé,Ressources budgétaires,Ressources extérieures,Restructuration de dettes,0.718
2016,Réalisé,Ressources budgétaires,Recettes des comptes spéciaux du Trésor,Fonds d'Investissements en Milieu Rural (FIMR) ,13.57
2016,Réalisé,Ressources budgétaires,Recettes des comptes spéciaux du Trésor,Transfert au Fonds d'Entretien Routier (FER),94.405
2016,Réalisé,Ressources budgétaires,Recettes des comptes spéciaux du Trésor,Recettes affectées aux collectivités,92.084
2016,Réalisé,Ressources budgétaires,Recettes des comptes spéciaux du Trésor,TSU SIR
2016,Réalisé,Ressources budgétaires,Recettes des comptes spéciaux du Trésor,Autres recettes affectées et parafiscalité,233.33499999999998
2017,Réalisé,Ressources budgétaires,Recettes fiscales,DGI ,1631.470528
2017,Réalisé,Ressources budgétaires,Recettes fiscales,TRESOR,8.7
2017,Réalisé,Ressources budgétaires,Recettes fiscales,"DGD (hors PCS, PCC et SGS)",1437.6
2017,Réalisé,Ressources budgétaires,Autres ressources intérieures,Privatisation et ventes d'actifs,23.061
2017,Réalisé,Ressources budgétaires,Autres ressources intérieures,Transfert des entreprises/dette rétrocédée,1.578
2017,Réalisé,Ressources budgétaires,Autres ressources intérieures,Autres recettes non fiscales ,125.772
2017,Réalisé,Ressources budgétaires,Autres ressources intérieures,Intégration de ressources additionnelles C2D,1.305
2017,Réalisé,Ressources budgétaires,Autres ressources intérieures,Arriérés dividendes PETROCI
2017,Réalisé,Ressources budgétaires,Emprunts sur marchés monetaire et financier,,1962.045
2017,Réalisé,Ressources budgétaires,Ressources extérieures,Appuis budgétaires,399.87
2017,Réalisé,Ressources budgétaires,Ressources extérieures,Financement extérieur des projets,387.143
2017,Réalisé,Ressources budgétaires,Ressources extérieures,Restructuration de dettes,0.06
2017,Réalisé,Ressources budgétaires,Recettes des comptes spéciaux du Trésor,Fonds d'Investissements en Milieu Rural (FIMR) ,13.588
2017,Réalisé,Ressources budgétaires,Recettes des comptes spéciaux du Trésor,Transfert au Fonds d'Entretien Routier (FER),108.169
2017,Réalisé,Ressources budgétaires,Recettes des comptes spéciaux du Trésor,Recettes affectées aux collectivités,100.376
2017,Réalisé,Ressources budgétaires,Recettes des comptes spéciaux du Trésor,TSU SIR,55.609
2017,Réalisé,Ressources budgétaires,Recettes des comptes spéciaux du Trésor,Autres recettes affectées et parafiscalité,280.8280000000001
2018,Réalisé,Ressources budgétaires,Recettes fiscales,DGI ,1772
2018,Réalisé,Ressources budgétaires,Recettes fiscales,TRESOR,11.253
2018,Réalisé,Ressources budgétaires,Recettes fiscales,"DGD (hors PCS, PCC et SGS)",1420
2018,Réalisé,Ressources budgétaires,Autres ressources intérieures,Privatisation et ventes d'actifs,0
2018,Réalisé,Ressources budgétaires,Autres ressources intérieures,Transfert des entreprises/dette rétrocédée,19.923
2018,Réalisé,Ressources budgétaires,Autres ressources intérieures,Autres recettes non fiscales ,129.70499999999998
2018,Réalisé,Ressources budgétaires,Autres ressources intérieures,Intégration de ressources additionnelles C2D,1.898
2018,Réalisé,Ressources budgétaires,Autres ressources intérieures,Arriérés dividendes PETROCI
2018,Réalisé,Ressources budgétaires,Emprunts sur marchés monetaire et financier,,1591.485
2018,Réalisé,Ressources budgétaires,Ressources extérieures,Appuis budgétaires,395.293
2018,Réalisé,Ressources budgétaires,Ressources extérieures,Financement extérieur des projets,438.69100000000003
2018,Réalisé,Ressources budgétaires,Ressources extérieures,Restructuration de dettes,0.033
2018,Réalisé,Ressources budgétaires,Recettes des comptes spéciaux du Trésor,Fonds d'Investissements en Milieu Rural (FIMR) ,8.67
2018,Réalisé,Ressources budgétaires,Recettes des comptes spéciaux du Trésor,Transfert au Fonds d'Entretien Routier (FER),116.108
2018,Réalisé,Ressources budgétaires,Recettes des comptes spéciaux du Trésor,Recettes affectées aux collectivités,110.568
2018,Réalisé,Ressources budgétaires,Recettes des comptes spéciaux du Trésor,TSU SIR,67.013
2018,Réalisé,Ressources budgétaires,Recettes des comptes spéciaux du Trésor,Autres recettes affectées et parafiscalité,308.8560000000002
2019,Réalisé,Ressources budgétaires,Recettes fiscales,DGI ,1901.6713
2019,Réalisé,Ressources budgétaires,Recettes fiscales,TRESOR,11.252
2019,Réalisé,Ressources budgétaires,Recettes fiscales,"DGD (hors PCS, PCC et SGS)",1549.0518
2019,Réalisé,Ressources budgétaires,Autres ressources intérieures,Privatisation et ventes d'actifs,0
2019,Réalisé,Ressources budgétaires,Autres ressources intérieures,Transfert des entreprises/dette rétrocédée,16.5746
2019,Réalisé,Ressources budgétaires,Autres ressources intérieures,Autres recettes non fiscales ,103.4595
2019,Réalisé,Ressources budgétaires,Autres ressources intérieures,Intégration de ressources additionnelles C2D,0.6611
2019,Réalisé,Ressources budgétaires,Autres ressources intérieures,Arriérés dividendes PETROCI,17.8879
2019,Réalisé,Ressources budgétaires,Emprunts sur marchés monetaire et financier,,2842.7239
2019,Réalisé,Ressources budgétaires,Ressources extérieures,Appuis budgétaires,414.01009999999997
2019,Réalisé,Ressources budgétaires,Ressources extérieures,Financement extérieur des projets,527.3249000000001
2019,Réalisé,Ressources budgétaires,Ressources extérieures,Restructuration de dettes
2019,Réalisé,Ressources budgétaires,Recettes des comptes spéciaux du Trésor,Fonds d'Investissements en Milieu Rural (FIMR) ,10.97
2019,Réalisé,Ressources budgétaires,Recettes des comptes spéciaux du Trésor,Transfert au Fonds d'Entretien Routier (FER),134.1
2019,Réalisé,Ressources budgétaires,Recettes des comptes spéciaux du Trésor,Recettes affectées aux collectivités,121.7
2019,Réalisé,Ressources budgétaires,Recettes des comptes spéciaux du Trésor,TSU SIR,68.5
2019,Réalisé,Ressources budgétaires,Recettes des comptes spéciaux du Trésor,Autres recettes affectées et parafiscalité,347.5300000000001
2011,Réalisé,Dépenses budgétaires,Service de la dette publique,,1312.641
2011,Réalisé,Dépenses budgétaires,Dépenses ordinaires ,,1393.3472000000002
2011,Réalisé,Dépenses budgétaires,Dépenses d'investissement,Projets C2D
2011,Réalisé,Dépenses budgétaires,Dépenses d'investissement,Collectivités décentralisées,10.653
2011,Réalisé,Dépenses budgétaires,Dépenses d'investissement,Projet d'Assistance Post Crise,0.15
2011,Réalisé,Dépenses budgétaires,Dépenses d'investissement,Dépenses post crise,30.541
2011,Réalisé,Dépenses budgétaires,Dépenses d'investissement,CNS/Investissement
2011,Réalisé,Dépenses budgétaires,Dépenses d'investissement,Construction du barrage de Soubré
2011,Réalisé,Dépenses budgétaires,Dépenses d'investissement,Programme Présidentiel d'Urgence ,45.01
2011,Réalisé,Dépenses budgétaires,Dépenses d'investissement,Fonds d'Etudes
2011,Réalisé,Dépenses budgétaires,Dépenses d'investissement,Restructuration des banques
2011,Réalisé,Dépenses budgétaires,Dépenses d'investissement,Couverture maladie Universelle
2011,Réalisé,Dépenses budgétaires,Dépenses d'investissement,Autres investissements,181.834
2011,Réalisé,Dépenses budgétaires,Dépenses d'investissement,Emprunts-projets,26.284
2011,Réalisé,Dépenses budgétaires,Dépenses d'investissement,Dons-projets,21.86
2011,Réalisé,Dépenses budgétaires,Dépenses d'investissement,Dons-programmes,11
2011,Réalisé,Dépenses budgétaires,Dépenses des comptes spéciaux du Trésor 
2012,Réalisé,Dépenses budgétaires,Service de la dette publique,,856.0160000000001
2012,Réalisé,Dépenses budgétaires,Dépenses ordinaires ,,1798.033
2012,Réalisé,Dépenses budgétaires,Dépenses d'investissement,Projets C2D
2012,Réalisé,Dépenses budgétaires,Dépenses d'investissement,Collectivités décentralisées,22.7
2012,Réalisé,Dépenses budgétaires,Dépenses d'investissement,Projet d'Assistance Post Crise,0.3
2012,Réalisé,Dépenses budgétaires,Dépenses d'investissement,Dépenses post crise,18.8
2012,Réalisé,Dépenses budgétaires,Dépenses d'investissement,CNS/Investissement
2012,Réalisé,Dépenses budgétaires,Dépenses d'investissement,Construction du barrage de Soubré
2012,Réalisé,Dépenses budgétaires,Dépenses d'investissement,Programme Présidentiel d'Urgence ,84.1
2012,Réalisé,Dépenses budgétaires,Dépenses d'investissement,Fonds d'Etudes,20
2012,Réalisé,Dépenses budgétaires,Dépenses d'investissement,Restructuration des banques
2012,Réalisé,Dépenses budgétaires,Dépenses d'investissement,Couverture maladie Universelle
2012,Réalisé,Dépenses budgétaires,Dépenses d'investissement,Autres investissements,379.85800000000006
2012,Réalisé,Dépenses budgétaires,Dépenses d'investissement,Emprunts-projets,53.996
2012,Réalisé,Dépenses budgétaires,Dépenses d'investissement,Dons-projets,51.525
2012,Réalisé,Dépenses budgétaires,Dépenses d'investissement,Dons-programmes,10
2012,Réalisé,Dépenses budgétaires,Dépenses des comptes spéciaux du Trésor 
2013,Réalisé,Dépenses budgétaires,Service de la dette publique,,976.5999999999999
2013,Réalisé,Dépenses budgétaires,Dépenses ordinaires ,,1791.249
2013,Réalisé,Dépenses budgétaires,Dépenses d'investissement,Projets C2D,62.89
2013,Réalisé,Dépenses budgétaires,Dépenses d'investissement,Collectivités décentralisées,21.96
2013,Réalisé,Dépenses budgétaires,Dépenses d'investissement,Projet d'Assistance Post Crise,0.3
2013,Réalisé,Dépenses budgétaires,Dépenses d'investissement,Dépenses post crise,29.665
2013,Réalisé,Dépenses budgétaires,Dépenses d'investissement,CNS/Investissement
2013,Réalisé,Dépenses budgétaires,Dépenses d'investissement,Construction du barrage de Soubré,27.25
2013,Réalisé,Dépenses budgétaires,Dépenses d'investissement,Programme Présidentiel d'Urgence ,115
2013,Réalisé,Dépenses budgétaires,Dépenses d'investissement,Fonds d'Etudes,0.818
2013,Réalisé,Dépenses budgétaires,Dépenses d'investissement,Restructuration des banques
2013,Réalisé,Dépenses budgétaires,Dépenses d'investissement,Couverture maladie Universelle
2013,Réalisé,Dépenses budgétaires,Dépenses d'investissement,Autres investissements,391.052
2013,Réalisé,Dépenses budgétaires,Dépenses d'investissement,Emprunts-projets,219.755
2013,Réalisé,Dépenses budgétaires,Dépenses d'investissement,Dons-projets,103.059
2013,Réalisé,Dépenses budgétaires,Dépenses d'investissement,Dons-programmes,8.239
2013,Réalisé,Dépenses budgétaires,Dépenses des comptes spéciaux du Trésor 
2014,Réalisé,Dépenses budgétaires,Service de la dette publique,,1179.497
2014,Réalisé,Dépenses budgétaires,Dépenses ordinaires ,,1944.816
2014,Réalisé,Dépenses budgétaires,Dépenses d'investissement,Projets C2D,125.247
2014,Réalisé,Dépenses budgétaires,Dépenses d'investissement,Collectivités décentralisées,29.301
2014,Réalisé,Dépenses budgétaires,Dépenses d'investissement,Projet d'Assistance Post Crise,0.3
2014,Réalisé,Dépenses budgétaires,Dépenses d'investissement,Dépenses post crise,38.2
2014,Réalisé,Dépenses budgétaires,Dépenses d'investissement,CNS/Investissement
2014,Réalisé,Dépenses budgétaires,Dépenses d'investissement,Construction du barrage de Soubré,22.2
2014,Réalisé,Dépenses budgétaires,Dépenses d'investissement,Programme Présidentiel d'Urgence ,107
2014,Réalisé,Dépenses budgétaires,Dépenses d'investissement,Fonds d'Etudes,0
2014,Réalisé,Dépenses budgétaires,Dépenses d'investissement,Restructuration des banques,0
2014,Réalisé,Dépenses budgétaires,Dépenses d'investissement,Couverture maladie Universelle,5.6
2014,Réalisé,Dépenses budgétaires,Dépenses d'investissement,Autres investissements,315.446
2014,Réalisé,Dépenses budgétaires,Dépenses d'investissement,Emprunts-projets,249.139
2014,Réalisé,Dépenses budgétaires,Dépenses d'investissement,Dons-projets,145.998
2014,Réalisé,Dépenses budgétaires,Dépenses d'investissement,Dons-programmes
2014,Réalisé,Dépenses budgétaires,Dépenses des comptes spéciaux du Trésor ,,12.196
2015,Réalisé,Dépenses budgétaires,Service de la dette publique,,1318.342
2015,Réalisé,Dépenses budgétaires,Dépenses ordinaires ,,2376.78
2015,Réalisé,Dépenses budgétaires,Dépenses d'investissement,Projets C2D,96.71
2015,Réalisé,Dépenses budgétaires,Dépenses d'investissement,Collectivités décentralisées,32.208
2015,Réalisé,Dépenses budgétaires,Dépenses d'investissement,Projet d'Assistance Post Crise,0.387
2015,Réalisé,Dépenses budgétaires,Dépenses d'investissement,Dépenses post crise,18.718
2015,Réalisé,Dépenses budgétaires,Dépenses d'investissement,CNS/Investissement
2015,Réalisé,Dépenses budgétaires,Dépenses d'investissement,Construction du barrage de Soubré,19.8
2015,Réalisé,Dépenses budgétaires,Dépenses d'investissement,Programme Présidentiel d'Urgence ,135.244
2015,Réalisé,Dépenses budgétaires,Dépenses d'investissement,Fonds d'Etudes,11.997
2015,Réalisé,Dépenses budgétaires,Dépenses d'investissement,Restructuration des banques,8.638
2015,Réalisé,Dépenses budgétaires,Dépenses d'investissement,Couverture maladie Universelle,10
2015,Réalisé,Dépenses budgétaires,Dépenses d'investissement,Autres investissements,432.9720000000001
2015,Réalisé,Dépenses budgétaires,Dépenses d'investissement,Emprunts-projets,333.709
2015,Réalisé,Dépenses budgétaires,Dépenses d'investissement,Dons-projets,128.599
2015,Réalisé,Dépenses budgétaires,Dépenses d'investissement,Dons-programmes
2015,Réalisé,Dépenses budgétaires,Dépenses des comptes spéciaux du Trésor ,,69.957
2016,Réalisé,Dépenses budgétaires,Service de la dette publique,,1520.4360000000001
2016,Réalisé,Dépenses budgétaires,Dépenses ordinaires ,,2466.1049999999996
2016,Réalisé,Dépenses budgétaires,Dépenses d'investissement,Projets C2D,125.173
2016,Réalisé,Dépenses budgétaires,Dépenses d'investissement,Collectivités décentralisées,33.603
2016,Réalisé,Dépenses budgétaires,Dépenses d'investissement,Projet d'Assistance Post Crise,0.859
2016,Réalisé,Dépenses budgétaires,Dépenses d'investissement,Dépenses post crise,8.1
2016,Réalisé,Dépenses budgétaires,Dépenses d'investissement,CNS/Investissement,68.043
2016,Réalisé,Dépenses budgétaires,Dépenses d'investissement,Construction du barrage de Soubré,14.173
2016,Réalisé,Dépenses budgétaires,Dépenses d'investissement,Programme Présidentiel d'Urgence ,132
2016,Réalisé,Dépenses budgétaires,Dépenses d'investissement,Fonds d'Etudes,16.532
2016,Réalisé,Dépenses budgétaires,Dépenses d'investissement,Restructuration des banques,25
2016,Réalisé,Dépenses budgétaires,Dépenses d'investissement,Couverture maladie Universelle,11.6
2016,Réalisé,Dépenses budgétaires,Dépenses d'investissement,Autres investissements,647.739
2016,Réalisé,Dépenses budgétaires,Dépenses d'investissement,Emprunts-projets,261.923
2016,Réalisé,Dépenses budgétaires,Dépenses d'investissement,Dons-projets,108.169
2016,Réalisé,Dépenses budgétaires,Dépenses d'investissement,Dons-programmes
2016,Réalisé,Dépenses budgétaires,Dépenses des comptes spéciaux du Trésor ,,433.394
2017,Réalisé,Dépenses budgétaires,Service de la dette publique,,1973.416
2017,Réalisé,Dépenses budgétaires,Dépenses ordinaires ,,2767.902
2017,Réalisé,Dépenses budgétaires,Dépenses d'investissement,Projets C2D,49.741586448
2017,Réalisé,Dépenses budgétaires,Dépenses d'investissement,Collectivités décentralisées
2017,Réalisé,Dépenses budgétaires,Dépenses d'investissement,Projet d'Assistance Post Crise,0.276
2017,Réalisé,Dépenses budgétaires,Dépenses d'investissement,Dépenses post crise
2017,Réalisé,Dépenses budgétaires,Dépenses d'investissement,CNS/Investissement,1.195399517
2017,Réalisé,Dépenses budgétaires,Dépenses d'investissement,Construction du barrage de Soubré,7.809
2017,Réalisé,Dépenses budgétaires,Dépenses d'investissement,Programme Présidentiel d'Urgence 
2017,Réalisé,Dépenses budgétaires,Dépenses d'investissement,Fonds d'Etudes,8.347543467
2017,Réalisé,Dépenses budgétaires,Dépenses d'investissement,Restructuration des banques,14.2498871
2017,Réalisé,Dépenses budgétaires,Dépenses d'investissement,Couverture maladie Universelle,11.614389532
2017,Réalisé,Dépenses budgétaires,Dépenses d'investissement,Autres investissements,711.892193936
2017,Réalisé,Dépenses budgétaires,Dépenses d'investissement,Emprunts-projets,485.785
2017,Réalisé,Dépenses budgétaires,Dépenses d'investissement,Dons-projets,115.212
2017,Réalisé,Dépenses budgétaires,Dépenses d'investissement,Dons-programmes
2017,Réalisé,Dépenses budgétaires,Dépenses des comptes spéciaux du Trésor ,,558.57
2018,Réalisé,Dépenses budgétaires,Service de la dette publique,,1684.625
2018,Réalisé,Dépenses budgétaires,Dépenses ordinaires ,,2762.922
2018,Réalisé,Dépenses budgétaires,Dépenses d'investissement,Projets C2D,69.354
2018,Réalisé,Dépenses budgétaires,Dépenses d'investissement,Collectivités décentralisées,38.097
2018,Réalisé,Dépenses budgétaires,Dépenses d'investissement,Projet d'Assistance Post Crise
2018,Réalisé,Dépenses budgétaires,Dépenses d'investissement,Dépenses post crise
2018,Réalisé,Dépenses budgétaires,Dépenses d'investissement,CNS/Investissement,7.63
2018,Réalisé,Dépenses budgétaires,Dépenses d'investissement,Construction du barrage de Soubré
2018,Réalisé,Dépenses budgétaires,Dépenses d'investissement,Programme Présidentiel d'Urgence 
2018,Réalisé,Dépenses budgétaires,Dépenses d'investissement,Fonds d'Etudes,9.973
2018,Réalisé,Dépenses budgétaires,Dépenses d'investissement,Restructuration des banques,13.02
2018,Réalisé,Dépenses budgétaires,Dépenses d'investissement,Couverture maladie Universelle,8.5
2018,Réalisé,Dépenses budgétaires,Dépenses d'investissement,Autres investissements,633.46
2018,Réalisé,Dépenses budgétaires,Dépenses d'investissement,Emprunts-projets,569.066
2018,Réalisé,Dépenses budgétaires,Dépenses d'investissement,Dons-projets,87.228
2018,Réalisé,Dépenses budgétaires,Dépenses d'investissement,Dons-programmes
2018,Réalisé,Dépenses budgétaires,Dépenses des comptes spéciaux du Trésor ,,611.2150000000001
2019,Réalisé,Dépenses budgétaires,Service de la dette publique,,3065.559
2019,Réalisé,Dépenses budgétaires,Dépenses ordinaires ,,2894.923
2019,Réalisé,Dépenses budgétaires,Dépenses d'investissement,Projets C2D,81.211
2019,Réalisé,Dépenses budgétaires,Dépenses d'investissement,Collectivités décentralisées,38.382
2019,Réalisé,Dépenses budgétaires,Dépenses d'investissement,Projet d'Assistance Post Crise
2019,Réalisé,Dépenses budgétaires,Dépenses d'investissement,Dépenses post crise
2019,Réalisé,Dépenses budgétaires,Dépenses d'investissement,CNS/Investissement,47.724
2019,Réalisé,Dépenses budgétaires,Dépenses d'investissement,Construction du barrage de Soubré
2019,Réalisé,Dépenses budgétaires,Dépenses d'investissement,Programme Présidentiel d'Urgence 
2019,Réalisé,Dépenses budgétaires,Dépenses d'investissement,Fonds d'Etudes,6.451
2019,Réalisé,Dépenses budgétaires,Dépenses d'investissement,Restructuration des banques,0
2019,Réalisé,Dépenses budgétaires,Dépenses d'investissement,Couverture maladie Universelle,4
2019,Réalisé,Dépenses budgétaires,Dépenses d'investissement,Autres investissements,662.307
2019,Réalisé,Dépenses budgétaires,Dépenses d'investissement,Emprunts-projets,412.921
2019,Réalisé,Dépenses budgétaires,Dépenses d'investissement,Dons-projets,106.887
2019,Réalisé,Dépenses budgétaires,Dépenses d'investissement,Dons-programmes
2019,Réalisé,Dépenses budgétaires,Dépenses des comptes spéciaux du Trésor ,,682.763
