CODE TYPE D'IND.,LIBELLE TYPE D'INDUSTRIES NAEMA REV1 ,Période,Indice
05-09,INDUSTRIES EXTRACTIVES,2021-03-01,131.2
05-09,INDUSTRIES EXTRACTIVES,2021-04-01,100.9
05-09,INDUSTRIES EXTRACTIVES,2021-05-01,130.7
05-09,INDUSTRIES EXTRACTIVES,2021-06-01,154.4
05-09,INDUSTRIES EXTRACTIVES,2021-07-01,138.5
05-09,INDUSTRIES EXTRACTIVES,2021-08-01,124.5
05-09,INDUSTRIES EXTRACTIVES,2021-09-01,144.3
05-09,INDUSTRIES EXTRACTIVES,2021-10-01,87.8
05-09,INDUSTRIES EXTRACTIVES,2021-11-01,178.9
05-09,INDUSTRIES EXTRACTIVES,2021-12-01,148.2
05-09,INDUSTRIES EXTRACTIVES,2022-01-01,127.9
05-09,INDUSTRIES EXTRACTIVES,2022-02-01,167.9
05-09,INDUSTRIES EXTRACTIVES,2022-03-01,150
10-33,INDUSTRIES MANUFACTURIÈRES,2021-03-01,147
10-33,INDUSTRIES MANUFACTURIÈRES,2021-04-01,138.1
10-33,INDUSTRIES MANUFACTURIÈRES,2021-05-01,124.7
10-33,INDUSTRIES MANUFACTURIÈRES,2021-06-01,132.6
10-33,INDUSTRIES MANUFACTURIÈRES,2021-07-01,140
10-33,INDUSTRIES MANUFACTURIÈRES,2021-08-01,133.7
10-33,INDUSTRIES MANUFACTURIÈRES,2021-09-01,142.9
10-33,INDUSTRIES MANUFACTURIÈRES,2021-10-01,138.2
10-33,INDUSTRIES MANUFACTURIÈRES,2021-11-01,152.9
10-33,INDUSTRIES MANUFACTURIÈRES,2021-12-01,173.3
10-33,INDUSTRIES MANUFACTURIÈRES,2022-01-01,142.5
10-33,INDUSTRIES MANUFACTURIÈRES,2022-02-01,157.1
10-33,INDUSTRIES MANUFACTURIÈRES,2022-03-01,179.1
35-36,"INDUSTRIES DE PRODUCTION ET DE DISTRIBUTION D’ÉLECTRICITÉ, DE GAZ ET D’EAU",2021-03-01,137.3
35-36,"INDUSTRIES DE PRODUCTION ET DE DISTRIBUTION D’ÉLECTRICITÉ, DE GAZ ET D’EAU",2021-04-01,126.7
35-36,"INDUSTRIES DE PRODUCTION ET DE DISTRIBUTION D’ÉLECTRICITÉ, DE GAZ ET D’EAU",2021-05-01,117.2
35-36,"INDUSTRIES DE PRODUCTION ET DE DISTRIBUTION D’ÉLECTRICITÉ, DE GAZ ET D’EAU",2021-06-01,113.7
35-36,"INDUSTRIES DE PRODUCTION ET DE DISTRIBUTION D’ÉLECTRICITÉ, DE GAZ ET D’EAU",2021-07-01,134.5
35-36,"INDUSTRIES DE PRODUCTION ET DE DISTRIBUTION D’ÉLECTRICITÉ, DE GAZ ET D’EAU",2021-08-01,136
35-36,"INDUSTRIES DE PRODUCTION ET DE DISTRIBUTION D’ÉLECTRICITÉ, DE GAZ ET D’EAU",2021-09-01,139.5
35-36,"INDUSTRIES DE PRODUCTION ET DE DISTRIBUTION D’ÉLECTRICITÉ, DE GAZ ET D’EAU",2021-10-01,148.3
35-36,"INDUSTRIES DE PRODUCTION ET DE DISTRIBUTION D’ÉLECTRICITÉ, DE GAZ ET D’EAU",2021-11-01,145.3
35-36,"INDUSTRIES DE PRODUCTION ET DE DISTRIBUTION D’ÉLECTRICITÉ, DE GAZ ET D’EAU",2021-12-01,148.3
35-36,"INDUSTRIES DE PRODUCTION ET DE DISTRIBUTION D’ÉLECTRICITÉ, DE GAZ ET D’EAU",2022-01-01,150.4
35-36,"INDUSTRIES DE PRODUCTION ET DE DISTRIBUTION D’ÉLECTRICITÉ, DE GAZ ET D’EAU",2022-02-01,140.7
35-36,"INDUSTRIES DE PRODUCTION ET DE DISTRIBUTION D’ÉLECTRICITÉ, DE GAZ ET D’EAU",2022-03-01,152.7
37-39,INDUSTRIES ENVIRONNEMENTALES,2021-03-01,278.6
37-39,INDUSTRIES ENVIRONNEMENTALES,2021-04-01,274.4
37-39,INDUSTRIES ENVIRONNEMENTALES,2021-05-01,272.7
37-39,INDUSTRIES ENVIRONNEMENTALES,2021-06-01,283.8
37-39,INDUSTRIES ENVIRONNEMENTALES,2021-07-01,286.2
37-39,INDUSTRIES ENVIRONNEMENTALES,2021-08-01,272.9
37-39,INDUSTRIES ENVIRONNEMENTALES,2021-09-01,284
37-39,INDUSTRIES ENVIRONNEMENTALES,2021-10-01,296.8
37-39,INDUSTRIES ENVIRONNEMENTALES,2021-11-01,290.1
37-39,INDUSTRIES ENVIRONNEMENTALES,2021-12-01,300.9
37-39,INDUSTRIES ENVIRONNEMENTALES,2022-01-01,274.8
37-39,INDUSTRIES ENVIRONNEMENTALES,2022-02-01,252.5
37-39,INDUSTRIES ENVIRONNEMENTALES,2022-03-01,275.3
10-12,INDUSTRIES AGRO-ALIMENTAIRES,2021-03-01,151
10-12,INDUSTRIES AGRO-ALIMENTAIRES,2021-04-01,120.6
10-12,INDUSTRIES AGRO-ALIMENTAIRES,2021-05-01,98.5
10-12,INDUSTRIES AGRO-ALIMENTAIRES,2021-06-01,101.1
10-12,INDUSTRIES AGRO-ALIMENTAIRES,2021-07-01,119.8
10-12,INDUSTRIES AGRO-ALIMENTAIRES,2021-08-01,111.3
10-12,INDUSTRIES AGRO-ALIMENTAIRES,2021-09-01,120.7
10-12,INDUSTRIES AGRO-ALIMENTAIRES,2021-10-01,101.9
10-12,INDUSTRIES AGRO-ALIMENTAIRES,2021-11-01,112.9
10-12,INDUSTRIES AGRO-ALIMENTAIRES,2021-12-01,119
10-12,INDUSTRIES AGRO-ALIMENTAIRES,2022-01-01,114.6
10-12,INDUSTRIES AGRO-ALIMENTAIRES,2022-02-01,133.5
10-12,INDUSTRIES AGRO-ALIMENTAIRES,2022-03-01,149.1
13-14,INDUSTRIES TEXTILES ET D’HABILLEMENT,2021-03-01,123
13-14,INDUSTRIES TEXTILES ET D’HABILLEMENT,2021-04-01,111.8
13-14,INDUSTRIES TEXTILES ET D’HABILLEMENT,2021-05-01,105.3
13-14,INDUSTRIES TEXTILES ET D’HABILLEMENT,2021-06-01,127.9
13-14,INDUSTRIES TEXTILES ET D’HABILLEMENT,2021-07-01,102.5
13-14,INDUSTRIES TEXTILES ET D’HABILLEMENT,2021-08-01,81.5
13-14,INDUSTRIES TEXTILES ET D’HABILLEMENT,2021-09-01,109.3
13-14,INDUSTRIES TEXTILES ET D’HABILLEMENT,2021-10-01,150.4
13-14,INDUSTRIES TEXTILES ET D’HABILLEMENT,2021-11-01,150.4
13-14,INDUSTRIES TEXTILES ET D’HABILLEMENT,2021-12-01,128.9
13-14,INDUSTRIES TEXTILES ET D’HABILLEMENT,2022-01-01,104.5
13-14,INDUSTRIES TEXTILES ET D’HABILLEMENT,2022-02-01,130
13-14,INDUSTRIES TEXTILES ET D’HABILLEMENT,2022-03-01,151.2
15,"INDUSTRIE DE CUIR, D’ARTICLES DE VOYAGE ET DE CHAUSSURES",2021-03-01,82.6
15,"INDUSTRIE DE CUIR, D’ARTICLES DE VOYAGE ET DE CHAUSSURES",2021-04-01,94.9
15,"INDUSTRIE DE CUIR, D’ARTICLES DE VOYAGE ET DE CHAUSSURES",2021-05-01,76.6
15,"INDUSTRIE DE CUIR, D’ARTICLES DE VOYAGE ET DE CHAUSSURES",2021-06-01,70
15,"INDUSTRIE DE CUIR, D’ARTICLES DE VOYAGE ET DE CHAUSSURES",2021-07-01,71.1
15,"INDUSTRIE DE CUIR, D’ARTICLES DE VOYAGE ET DE CHAUSSURES",2021-08-01,87.2
15,"INDUSTRIE DE CUIR, D’ARTICLES DE VOYAGE ET DE CHAUSSURES",2021-09-01,58.1
15,"INDUSTRIE DE CUIR, D’ARTICLES DE VOYAGE ET DE CHAUSSURES",2021-10-01,65.8
15,"INDUSTRIE DE CUIR, D’ARTICLES DE VOYAGE ET DE CHAUSSURES",2021-11-01,68.5
15,"INDUSTRIE DE CUIR, D’ARTICLES DE VOYAGE ET DE CHAUSSURES",2021-12-01,64.7
15,"INDUSTRIE DE CUIR, D’ARTICLES DE VOYAGE ET DE CHAUSSURES",2022-01-01,52.5
15,"INDUSTRIE DE CUIR, D’ARTICLES DE VOYAGE ET DE CHAUSSURES",2022-02-01,48.6
15,"INDUSTRIE DE CUIR, D’ARTICLES DE VOYAGE ET DE CHAUSSURES",2022-03-01,52.4
16,INDUSTRIES DU BOIS,2021-03-01,150.1
16,INDUSTRIES DU BOIS,2021-04-01,145.9
16,INDUSTRIES DU BOIS,2021-05-01,124.3
16,INDUSTRIES DU BOIS,2021-06-01,143.5
16,INDUSTRIES DU BOIS,2021-07-01,143.6
16,INDUSTRIES DU BOIS,2021-08-01,159.2
16,INDUSTRIES DU BOIS,2021-09-01,156.2
16,INDUSTRIES DU BOIS,2021-10-01,426.6
16,INDUSTRIES DU BOIS,2021-11-01,296.7
16,INDUSTRIES DU BOIS,2021-12-01,146.2
16,INDUSTRIES DU BOIS,2022-01-01,130.6
16,INDUSTRIES DU BOIS,2022-02-01,276.6
16,INDUSTRIES DU BOIS,2022-03-01,242.1
17-18,"INDUSTRIES DU PAPIER ET DU CARTON, IMPRIMERIE ET REPRODUCTION D’ENREGISTREMENT",2021-03-01,124.2
17-18,"INDUSTRIES DU PAPIER ET DU CARTON, IMPRIMERIE ET REPRODUCTION D’ENREGISTREMENT",2021-04-01,133.1
17-18,"INDUSTRIES DU PAPIER ET DU CARTON, IMPRIMERIE ET REPRODUCTION D’ENREGISTREMENT",2021-05-01,117.8
17-18,"INDUSTRIES DU PAPIER ET DU CARTON, IMPRIMERIE ET REPRODUCTION D’ENREGISTREMENT",2021-06-01,118.5
17-18,"INDUSTRIES DU PAPIER ET DU CARTON, IMPRIMERIE ET REPRODUCTION D’ENREGISTREMENT",2021-07-01,109.4
17-18,"INDUSTRIES DU PAPIER ET DU CARTON, IMPRIMERIE ET REPRODUCTION D’ENREGISTREMENT",2021-08-01,123.7
17-18,"INDUSTRIES DU PAPIER ET DU CARTON, IMPRIMERIE ET REPRODUCTION D’ENREGISTREMENT",2021-09-01,114.2
17-18,"INDUSTRIES DU PAPIER ET DU CARTON, IMPRIMERIE ET REPRODUCTION D’ENREGISTREMENT",2021-10-01,107.6
17-18,"INDUSTRIES DU PAPIER ET DU CARTON, IMPRIMERIE ET REPRODUCTION D’ENREGISTREMENT",2021-11-01,145.2
17-18,"INDUSTRIES DU PAPIER ET DU CARTON, IMPRIMERIE ET REPRODUCTION D’ENREGISTREMENT",2021-12-01,110.6
17-18,"INDUSTRIES DU PAPIER ET DU CARTON, IMPRIMERIE ET REPRODUCTION D’ENREGISTREMENT",2022-01-01,114.4
17-18,"INDUSTRIES DU PAPIER ET DU CARTON, IMPRIMERIE ET REPRODUCTION D’ENREGISTREMENT",2022-02-01,116.2
17-18,"INDUSTRIES DU PAPIER ET DU CARTON, IMPRIMERIE ET REPRODUCTION D’ENREGISTREMENT",2022-03-01,131.9
19,INDUSTRIES DE TRANSFORMATION DE PRODUITS PETROLIERS,2021-03-01,113.5
19,INDUSTRIES DE TRANSFORMATION DE PRODUITS PETROLIERS,2021-04-01,142.2
19,INDUSTRIES DE TRANSFORMATION DE PRODUITS PETROLIERS,2021-05-01,132.3
19,INDUSTRIES DE TRANSFORMATION DE PRODUITS PETROLIERS,2021-06-01,139.9
19,INDUSTRIES DE TRANSFORMATION DE PRODUITS PETROLIERS,2021-07-01,140.4
19,INDUSTRIES DE TRANSFORMATION DE PRODUITS PETROLIERS,2021-08-01,128.4
19,INDUSTRIES DE TRANSFORMATION DE PRODUITS PETROLIERS,2021-09-01,133.1
19,INDUSTRIES DE TRANSFORMATION DE PRODUITS PETROLIERS,2021-10-01,141.2
19,INDUSTRIES DE TRANSFORMATION DE PRODUITS PETROLIERS,2021-11-01,150.9
19,INDUSTRIES DE TRANSFORMATION DE PRODUITS PETROLIERS,2021-12-01,198.4
19,INDUSTRIES DE TRANSFORMATION DE PRODUITS PETROLIERS,2022-01-01,166.2
19,INDUSTRIES DE TRANSFORMATION DE PRODUITS PETROLIERS,2022-02-01,171.3
19,INDUSTRIES DE TRANSFORMATION DE PRODUITS PETROLIERS,2022-03-01,204.5
20-22,"INDUSTRIES CHIMIQUES, PHARMACEUTIQUES, DU CAOUTCHOUC ET DU PLASTIQUE",2021-03-01,169
20-22,"INDUSTRIES CHIMIQUES, PHARMACEUTIQUES, DU CAOUTCHOUC ET DU PLASTIQUE",2021-04-01,162
20-22,"INDUSTRIES CHIMIQUES, PHARMACEUTIQUES, DU CAOUTCHOUC ET DU PLASTIQUE",2021-05-01,132.3
20-22,"INDUSTRIES CHIMIQUES, PHARMACEUTIQUES, DU CAOUTCHOUC ET DU PLASTIQUE",2021-06-01,164.5
20-22,"INDUSTRIES CHIMIQUES, PHARMACEUTIQUES, DU CAOUTCHOUC ET DU PLASTIQUE",2021-07-01,146
20-22,"INDUSTRIES CHIMIQUES, PHARMACEUTIQUES, DU CAOUTCHOUC ET DU PLASTIQUE",2021-08-01,157.2
20-22,"INDUSTRIES CHIMIQUES, PHARMACEUTIQUES, DU CAOUTCHOUC ET DU PLASTIQUE",2021-09-01,164.8
20-22,"INDUSTRIES CHIMIQUES, PHARMACEUTIQUES, DU CAOUTCHOUC ET DU PLASTIQUE",2021-10-01,164
20-22,"INDUSTRIES CHIMIQUES, PHARMACEUTIQUES, DU CAOUTCHOUC ET DU PLASTIQUE",2021-11-01,165.6
20-22,"INDUSTRIES CHIMIQUES, PHARMACEUTIQUES, DU CAOUTCHOUC ET DU PLASTIQUE",2021-12-01,175.7
20-22,"INDUSTRIES CHIMIQUES, PHARMACEUTIQUES, DU CAOUTCHOUC ET DU PLASTIQUE",2022-01-01,170
20-22,"INDUSTRIES CHIMIQUES, PHARMACEUTIQUES, DU CAOUTCHOUC ET DU PLASTIQUE",2022-02-01,170.7
20-22,"INDUSTRIES CHIMIQUES, PHARMACEUTIQUES, DU CAOUTCHOUC ET DU PLASTIQUE",2022-03-01,198.3
23,INDUSTRIE DE MATÉRIAUX MINÉRAUX,2021-03-01,147.8
23,INDUSTRIE DE MATÉRIAUX MINÉRAUX,2021-04-01,120.5
23,INDUSTRIE DE MATÉRIAUX MINÉRAUX,2021-05-01,116.1
23,INDUSTRIE DE MATÉRIAUX MINÉRAUX,2021-06-01,125.3
23,INDUSTRIE DE MATÉRIAUX MINÉRAUX,2021-07-01,116.9
23,INDUSTRIE DE MATÉRIAUX MINÉRAUX,2021-08-01,127.4
23,INDUSTRIE DE MATÉRIAUX MINÉRAUX,2021-09-01,127.4
23,INDUSTRIE DE MATÉRIAUX MINÉRAUX,2021-10-01,120.7
23,INDUSTRIE DE MATÉRIAUX MINÉRAUX,2021-11-01,128.8
23,INDUSTRIE DE MATÉRIAUX MINÉRAUX,2021-12-01,123.8
23,INDUSTRIE DE MATÉRIAUX MINÉRAUX,2022-01-01,134.2
23,INDUSTRIE DE MATÉRIAUX MINÉRAUX,2022-02-01,131.7
23,INDUSTRIE DE MATÉRIAUX MINÉRAUX,2022-03-01,178.3
24-25,INDUSTRIES MÉTALLIQUES,2021-03-01,158.9
24-25,INDUSTRIES MÉTALLIQUES,2021-04-01,142.9
24-25,INDUSTRIES MÉTALLIQUES,2021-05-01,134.8
24-25,INDUSTRIES MÉTALLIQUES,2021-06-01,128.9
24-25,INDUSTRIES MÉTALLIQUES,2021-07-01,154.9
24-25,INDUSTRIES MÉTALLIQUES,2021-08-01,155
24-25,INDUSTRIES MÉTALLIQUES,2021-09-01,157.7
24-25,INDUSTRIES MÉTALLIQUES,2021-10-01,143.2
24-25,INDUSTRIES MÉTALLIQUES,2021-11-01,165
24-25,INDUSTRIES MÉTALLIQUES,2021-12-01,221
24-25,INDUSTRIES MÉTALLIQUES,2022-01-01,180.4
24-25,INDUSTRIES MÉTALLIQUES,2022-02-01,197.2
24-25,INDUSTRIES MÉTALLIQUES,2022-03-01,216
26-28,"INDUSTRIES ÉLECTRONIQUES,INFORMATIQUES, ÉLECTRIQUES ET DE MACHINES",2021-03-01,220.3
26-28,"INDUSTRIES ÉLECTRONIQUES,INFORMATIQUES, ÉLECTRIQUES ET DE MACHINES",2021-04-01,168
26-28,"INDUSTRIES ÉLECTRONIQUES,INFORMATIQUES, ÉLECTRIQUES ET DE MACHINES",2021-05-01,176.5
26-28,"INDUSTRIES ÉLECTRONIQUES,INFORMATIQUES, ÉLECTRIQUES ET DE MACHINES",2021-06-01,245.5
26-28,"INDUSTRIES ÉLECTRONIQUES,INFORMATIQUES, ÉLECTRIQUES ET DE MACHINES",2021-07-01,173.4
26-28,"INDUSTRIES ÉLECTRONIQUES,INFORMATIQUES, ÉLECTRIQUES ET DE MACHINES",2021-08-01,205.9
26-28,"INDUSTRIES ÉLECTRONIQUES,INFORMATIQUES, ÉLECTRIQUES ET DE MACHINES",2021-09-01,227.5
26-28,"INDUSTRIES ÉLECTRONIQUES,INFORMATIQUES, ÉLECTRIQUES ET DE MACHINES",2021-10-01,242.5
26-28,"INDUSTRIES ÉLECTRONIQUES,INFORMATIQUES, ÉLECTRIQUES ET DE MACHINES",2021-11-01,167
26-28,"INDUSTRIES ÉLECTRONIQUES,INFORMATIQUES, ÉLECTRIQUES ET DE MACHINES",2021-12-01,251.2
26-28,"INDUSTRIES ÉLECTRONIQUES,INFORMATIQUES, ÉLECTRIQUES ET DE MACHINES",2022-01-01,184.6
26-28,"INDUSTRIES ÉLECTRONIQUES,INFORMATIQUES, ÉLECTRIQUES ET DE MACHINES",2022-02-01,222.7
26-28,"INDUSTRIES ÉLECTRONIQUES,INFORMATIQUES, ÉLECTRIQUES ET DE MACHINES",2022-03-01,207.8
29-30,INDUSTRIE AUTOMOBILES ET DE MATÉRIELS DE TRANSPORTS,2021-03-01,253.1
29-30,INDUSTRIE AUTOMOBILES ET DE MATÉRIELS DE TRANSPORTS,2021-04-01,177.8
29-30,INDUSTRIE AUTOMOBILES ET DE MATÉRIELS DE TRANSPORTS,2021-05-01,453.7
29-30,INDUSTRIE AUTOMOBILES ET DE MATÉRIELS DE TRANSPORTS,2021-06-01,150.9
29-30,INDUSTRIE AUTOMOBILES ET DE MATÉRIELS DE TRANSPORTS,2021-07-01,165.3
29-30,INDUSTRIE AUTOMOBILES ET DE MATÉRIELS DE TRANSPORTS,2021-08-01,179.7
29-30,INDUSTRIE AUTOMOBILES ET DE MATÉRIELS DE TRANSPORTS,2021-09-01,174.1
29-30,INDUSTRIE AUTOMOBILES ET DE MATÉRIELS DE TRANSPORTS,2021-10-01,97.3
29-30,INDUSTRIE AUTOMOBILES ET DE MATÉRIELS DE TRANSPORTS,2021-11-01,77.5
29-30,INDUSTRIE AUTOMOBILES ET DE MATÉRIELS DE TRANSPORTS,2021-12-01,107.8
29-30,INDUSTRIE AUTOMOBILES ET DE MATÉRIELS DE TRANSPORTS,2022-01-01,152.2
29-30,INDUSTRIE AUTOMOBILES ET DE MATÉRIELS DE TRANSPORTS,2022-02-01,194.4
29-30,INDUSTRIE AUTOMOBILES ET DE MATÉRIELS DE TRANSPORTS,2022-03-01,115.6
31-33,AUTRES INDUSTRIES MANUFACTURIÈRES,2021-03-01,94.4
31-33,AUTRES INDUSTRIES MANUFACTURIÈRES,2021-04-01,77.1
31-33,AUTRES INDUSTRIES MANUFACTURIÈRES,2021-05-01,91.8
31-33,AUTRES INDUSTRIES MANUFACTURIÈRES,2021-06-01,93.5
31-33,AUTRES INDUSTRIES MANUFACTURIÈRES,2021-07-01,118.2
31-33,AUTRES INDUSTRIES MANUFACTURIÈRES,2021-08-01,102.2
31-33,AUTRES INDUSTRIES MANUFACTURIÈRES,2021-09-01,127.9
31-33,AUTRES INDUSTRIES MANUFACTURIÈRES,2021-10-01,95.1
31-33,AUTRES INDUSTRIES MANUFACTURIÈRES,2021-11-01,148.9
31-33,AUTRES INDUSTRIES MANUFACTURIÈRES,2021-12-01,177.6
31-33,AUTRES INDUSTRIES MANUFACTURIÈRES,2022-01-01,99.9
31-33,AUTRES INDUSTRIES MANUFACTURIÈRES,2022-02-01,92.5
31-33,AUTRES INDUSTRIES MANUFACTURIÈRES,2022-03-01,118.8
35-36,"INDUSTRIES DE PRODUCTION ET DE DISTRIBUTION D’ÉLECTRICITÉ, DE GAZ ET D’EAU",2021-03-01,137.3
35-36,"INDUSTRIES DE PRODUCTION ET DE DISTRIBUTION D’ÉLECTRICITÉ, DE GAZ ET D’EAU",2021-04-01,126.7
35-36,"INDUSTRIES DE PRODUCTION ET DE DISTRIBUTION D’ÉLECTRICITÉ, DE GAZ ET D’EAU",2021-05-01,117.2
35-36,"INDUSTRIES DE PRODUCTION ET DE DISTRIBUTION D’ÉLECTRICITÉ, DE GAZ ET D’EAU",2021-06-01,113.7
35-36,"INDUSTRIES DE PRODUCTION ET DE DISTRIBUTION D’ÉLECTRICITÉ, DE GAZ ET D’EAU",2021-07-01,134.5
35-36,"INDUSTRIES DE PRODUCTION ET DE DISTRIBUTION D’ÉLECTRICITÉ, DE GAZ ET D’EAU",2021-08-01,136
35-36,"INDUSTRIES DE PRODUCTION ET DE DISTRIBUTION D’ÉLECTRICITÉ, DE GAZ ET D’EAU",2021-09-01,139.5
35-36,"INDUSTRIES DE PRODUCTION ET DE DISTRIBUTION D’ÉLECTRICITÉ, DE GAZ ET D’EAU",2021-10-01,148.3
35-36,"INDUSTRIES DE PRODUCTION ET DE DISTRIBUTION D’ÉLECTRICITÉ, DE GAZ ET D’EAU",2021-11-01,145.3
35-36,"INDUSTRIES DE PRODUCTION ET DE DISTRIBUTION D’ÉLECTRICITÉ, DE GAZ ET D’EAU",2021-12-01,148.3
35-36,"INDUSTRIES DE PRODUCTION ET DE DISTRIBUTION D’ÉLECTRICITÉ, DE GAZ ET D’EAU",2022-01-01,150.4
35-36,"INDUSTRIES DE PRODUCTION ET DE DISTRIBUTION D’ÉLECTRICITÉ, DE GAZ ET D’EAU",2022-02-01,140.7
35-36,"INDUSTRIES DE PRODUCTION ET DE DISTRIBUTION D’ÉLECTRICITÉ, DE GAZ ET D’EAU",2022-03-01,152.7
37-38,INDUSTRIES ENVIRONNEMENTALES,2021-03-01,278.6
37-38,INDUSTRIES ENVIRONNEMENTALES,2021-04-01,274.4
37-38,INDUSTRIES ENVIRONNEMENTALES,2021-05-01,272.7
37-38,INDUSTRIES ENVIRONNEMENTALES,2021-06-01,283.8
37-38,INDUSTRIES ENVIRONNEMENTALES,2021-07-01,286.2
37-38,INDUSTRIES ENVIRONNEMENTALES,2021-08-01,272.9
37-38,INDUSTRIES ENVIRONNEMENTALES,2021-09-01,284
37-38,INDUSTRIES ENVIRONNEMENTALES,2021-10-01,296.8
37-38,INDUSTRIES ENVIRONNEMENTALES,2021-11-01,290.1
37-38,INDUSTRIES ENVIRONNEMENTALES,2021-12-01,300.9
37-38,INDUSTRIES ENVIRONNEMENTALES,2022-01-01,274.8
37-38,INDUSTRIES ENVIRONNEMENTALES,2022-02-01,252.5
37-38,INDUSTRIES ENVIRONNEMENTALES,2022-03-01,275.3
6,EXTRACTION D'HYDROCARBURES,2021-03-01,42.4
6,EXTRACTION D'HYDROCARBURES,2021-04-01,90.5
6,EXTRACTION D'HYDROCARBURES,2021-05-01,44.3
6,EXTRACTION D'HYDROCARBURES,2021-06-01,193
6,EXTRACTION D'HYDROCARBURES,2021-07-01,135.7
6,EXTRACTION D'HYDROCARBURES,2021-08-01,78.6
6,EXTRACTION D'HYDROCARBURES,2021-09-01,124.9
6,EXTRACTION D'HYDROCARBURES,2021-10-01,49.9
6,EXTRACTION D'HYDROCARBURES,2021-11-01,152
6,EXTRACTION D'HYDROCARBURES,2021-12-01,128
6,EXTRACTION D'HYDROCARBURES,2022-01-01,59.9
6,EXTRACTION D'HYDROCARBURES,2022-02-01,223.4
6,EXTRACTION D'HYDROCARBURES,2022-03-01,59.3
7,EXTRACTION DE MINERAIS MÉTALLIQUES,2021-03-01,263.5
7,EXTRACTION DE MINERAIS MÉTALLIQUES,2021-04-01,155
7,EXTRACTION DE MINERAIS MÉTALLIQUES,2021-05-01,263.5
7,EXTRACTION DE MINERAIS MÉTALLIQUES,2021-06-01,199.9
7,EXTRACTION DE MINERAIS MÉTALLIQUES,2021-07-01,210.1
7,EXTRACTION DE MINERAIS MÉTALLIQUES,2021-08-01,218.1
7,EXTRACTION DE MINERAIS MÉTALLIQUES,2021-09-01,229.5
7,EXTRACTION DE MINERAIS MÉTALLIQUES,2021-10-01,157.6
7,EXTRACTION DE MINERAIS MÉTALLIQUES,2021-11-01,290.1
7,EXTRACTION DE MINERAIS MÉTALLIQUES,2021-12-01,235.6
7,EXTRACTION DE MINERAIS MÉTALLIQUES,2022-01-01,245.7
7,EXTRACTION DE MINERAIS MÉTALLIQUES,2022-02-01,210.8
7,EXTRACTION DE MINERAIS MÉTALLIQUES,2022-03-01,297.6
8,AUTRES ACTIVITÉS EXTRACTIVES,2021-03-01,279.8
8,AUTRES ACTIVITÉS EXTRACTIVES,2021-04-01,228.1
8,AUTRES ACTIVITÉS EXTRACTIVES,2021-05-01,216.6
8,AUTRES ACTIVITÉS EXTRACTIVES,2021-06-01,264.6
8,AUTRES ACTIVITÉS EXTRACTIVES,2021-07-01,203.5
8,AUTRES ACTIVITÉS EXTRACTIVES,2021-08-01,318.3
8,AUTRES ACTIVITÉS EXTRACTIVES,2021-09-01,349.8
8,AUTRES ACTIVITÉS EXTRACTIVES,2021-10-01,243
8,AUTRES ACTIVITÉS EXTRACTIVES,2021-11-01,343
8,AUTRES ACTIVITÉS EXTRACTIVES,2021-12-01,346.4
8,AUTRES ACTIVITÉS EXTRACTIVES,2022-01-01,245.1
8,AUTRES ACTIVITÉS EXTRACTIVES,2022-02-01,245.1
8,AUTRES ACTIVITÉS EXTRACTIVES,2022-03-01,288.5
9,ACTIVITÉS DE SOUTIEN AUX INDUSTRIES EXTRACTIVES,2021-03-01,126
9,ACTIVITÉS DE SOUTIEN AUX INDUSTRIES EXTRACTIVES,2021-04-01,118.9
9,ACTIVITÉS DE SOUTIEN AUX INDUSTRIES EXTRACTIVES,2021-05-01,126.8
9,ACTIVITÉS DE SOUTIEN AUX INDUSTRIES EXTRACTIVES,2021-06-01,132.1
9,ACTIVITÉS DE SOUTIEN AUX INDUSTRIES EXTRACTIVES,2021-07-01,127.5
9,ACTIVITÉS DE SOUTIEN AUX INDUSTRIES EXTRACTIVES,2021-08-01,102.2
9,ACTIVITÉS DE SOUTIEN AUX INDUSTRIES EXTRACTIVES,2021-09-01,63.7
9,ACTIVITÉS DE SOUTIEN AUX INDUSTRIES EXTRACTIVES,2021-10-01,69.9
9,ACTIVITÉS DE SOUTIEN AUX INDUSTRIES EXTRACTIVES,2021-11-01,91.3
9,ACTIVITÉS DE SOUTIEN AUX INDUSTRIES EXTRACTIVES,2021-12-01,81.2
9,ACTIVITÉS DE SOUTIEN AUX INDUSTRIES EXTRACTIVES,2022-01-01,88
9,ACTIVITÉS DE SOUTIEN AUX INDUSTRIES EXTRACTIVES,2022-02-01,73.1
9,ACTIVITÉS DE SOUTIEN AUX INDUSTRIES EXTRACTIVES,2022-03-01,92.7
10,FABRICATION DE PRODUITS ALIMENTAIRES,2021-03-01,141.7
10,FABRICATION DE PRODUITS ALIMENTAIRES,2021-04-01,116.1
10,FABRICATION DE PRODUITS ALIMENTAIRES,2021-05-01,93.6
10,FABRICATION DE PRODUITS ALIMENTAIRES,2021-06-01,98.6
10,FABRICATION DE PRODUITS ALIMENTAIRES,2021-07-01,117.6
10,FABRICATION DE PRODUITS ALIMENTAIRES,2021-08-01,109.6
10,FABRICATION DE PRODUITS ALIMENTAIRES,2021-09-01,121.6
10,FABRICATION DE PRODUITS ALIMENTAIRES,2021-10-01,102.4
10,FABRICATION DE PRODUITS ALIMENTAIRES,2021-11-01,111.7
10,FABRICATION DE PRODUITS ALIMENTAIRES,2021-12-01,109.5
10,FABRICATION DE PRODUITS ALIMENTAIRES,2022-01-01,111.2
10,FABRICATION DE PRODUITS ALIMENTAIRES,2022-02-01,133.9
10,FABRICATION DE PRODUITS ALIMENTAIRES,2022-03-01,150.1
11,FABRICATION DE BOISSONS,2021-03-01,179.7
11,FABRICATION DE BOISSONS,2021-04-01,130.9
11,FABRICATION DE BOISSONS,2021-05-01,127.8
11,FABRICATION DE BOISSONS,2021-06-01,109.2
11,FABRICATION DE BOISSONS,2021-07-01,113.3
11,FABRICATION DE BOISSONS,2021-08-01,106.7
11,FABRICATION DE BOISSONS,2021-09-01,94.7
11,FABRICATION DE BOISSONS,2021-10-01,107.8
11,FABRICATION DE BOISSONS,2021-11-01,127.8
11,FABRICATION DE BOISSONS,2021-12-01,189.6
11,FABRICATION DE BOISSONS,2022-01-01,120.8
11,FABRICATION DE BOISSONS,2022-02-01,115.6
11,FABRICATION DE BOISSONS,2022-03-01,131.9
12,FABRICATION DE PRODUITS A BASE DE TABAC,2021-03-01,186.5
12,FABRICATION DE PRODUITS A BASE DE TABAC,2021-04-01,178
12,FABRICATION DE PRODUITS A BASE DE TABAC,2021-05-01,181.1
12,FABRICATION DE PRODUITS A BASE DE TABAC,2021-06-01,176.9
12,FABRICATION DE PRODUITS A BASE DE TABAC,2021-07-01,178.8
12,FABRICATION DE PRODUITS A BASE DE TABAC,2021-08-01,179.2
12,FABRICATION DE PRODUITS A BASE DE TABAC,2021-09-01,194.3
12,FABRICATION DE PRODUITS A BASE DE TABAC,2021-10-01,240.4
12,FABRICATION DE PRODUITS A BASE DE TABAC,2021-11-01,251.3
12,FABRICATION DE PRODUITS A BASE DE TABAC,2021-12-01,241.2
12,FABRICATION DE PRODUITS A BASE DE TABAC,2022-01-01,262.4
12,FABRICATION DE PRODUITS A BASE DE TABAC,2022-02-01,244
12,FABRICATION DE PRODUITS A BASE DE TABAC,2022-03-01,218.7
13,ACTIVITES DE FABRICATION DE TEXTILES,2021-03-01,123.6
13,ACTIVITES DE FABRICATION DE TEXTILES,2021-04-01,112.5
13,ACTIVITES DE FABRICATION DE TEXTILES,2021-05-01,105.4
13,ACTIVITES DE FABRICATION DE TEXTILES,2021-06-01,128.7
13,ACTIVITES DE FABRICATION DE TEXTILES,2021-07-01,101.8
13,ACTIVITES DE FABRICATION DE TEXTILES,2021-08-01,80.1
13,ACTIVITES DE FABRICATION DE TEXTILES,2021-09-01,108.4
13,ACTIVITES DE FABRICATION DE TEXTILES,2021-10-01,148.4
13,ACTIVITES DE FABRICATION DE TEXTILES,2021-11-01,136.6
13,ACTIVITES DE FABRICATION DE TEXTILES,2021-12-01,124.7
13,ACTIVITES DE FABRICATION DE TEXTILES,2022-01-01,108
13,ACTIVITES DE FABRICATION DE TEXTILES,2022-02-01,134
13,ACTIVITES DE FABRICATION DE TEXTILES,2022-03-01,156.3
14,FABRICATION D'ARTICLES D'HABILLEMENT,2021-03-01,83.5
14,FABRICATION D'ARTICLES D'HABILLEMENT,2021-04-01,72.6
14,FABRICATION D'ARTICLES D'HABILLEMENT,2021-05-01,80.9
14,FABRICATION D'ARTICLES D'HABILLEMENT,2021-06-01,82
14,FABRICATION D'ARTICLES D'HABILLEMENT,2021-07-01,100.2
14,FABRICATION D'ARTICLES D'HABILLEMENT,2021-08-01,98.4
14,FABRICATION D'ARTICLES D'HABILLEMENT,2021-09-01,109.6
14,FABRICATION D'ARTICLES D'HABILLEMENT,2021-10-01,170.7
14,FABRICATION D'ARTICLES D'HABILLEMENT,2021-11-01,463.3
14,FABRICATION D'ARTICLES D'HABILLEMENT,2021-12-01,207
14,FABRICATION D'ARTICLES D'HABILLEMENT,2022-01-01,6.1
14,FABRICATION D'ARTICLES D'HABILLEMENT,2022-02-01,14.9
14,FABRICATION D'ARTICLES D'HABILLEMENT,2022-03-01,6.5
15,TRAVAIL DU CUIR ; FABRICATION D'ARTICLES DE VOYAGE ET DE CHAUSSURES,2021-03-01,82.6
15,TRAVAIL DU CUIR ; FABRICATION D'ARTICLES DE VOYAGE ET DE CHAUSSURES,2021-04-01,94.9
15,TRAVAIL DU CUIR ; FABRICATION D'ARTICLES DE VOYAGE ET DE CHAUSSURES,2021-05-01,76.6
15,TRAVAIL DU CUIR ; FABRICATION D'ARTICLES DE VOYAGE ET DE CHAUSSURES,2021-06-01,70
15,TRAVAIL DU CUIR ; FABRICATION D'ARTICLES DE VOYAGE ET DE CHAUSSURES,2021-07-01,71.1
15,TRAVAIL DU CUIR ; FABRICATION D'ARTICLES DE VOYAGE ET DE CHAUSSURES,2021-08-01,87.2
15,TRAVAIL DU CUIR ; FABRICATION D'ARTICLES DE VOYAGE ET DE CHAUSSURES,2021-09-01,58.1
15,TRAVAIL DU CUIR ; FABRICATION D'ARTICLES DE VOYAGE ET DE CHAUSSURES,2021-10-01,65.8
15,TRAVAIL DU CUIR ; FABRICATION D'ARTICLES DE VOYAGE ET DE CHAUSSURES,2021-11-01,68.5
15,TRAVAIL DU CUIR ; FABRICATION D'ARTICLES DE VOYAGE ET DE CHAUSSURES,2021-12-01,64.7
15,TRAVAIL DU CUIR ; FABRICATION D'ARTICLES DE VOYAGE ET DE CHAUSSURES,2022-01-01,52.5
15,TRAVAIL DU CUIR ; FABRICATION D'ARTICLES DE VOYAGE ET DE CHAUSSURES,2022-02-01,48.6
15,TRAVAIL DU CUIR ; FABRICATION D'ARTICLES DE VOYAGE ET DE CHAUSSURES,2022-03-01,52.4
16,TRAVAIL DU BOIS ET FABRICATION D'ARTICLES EN BOIS HORS MEUBLES,2021-03-01,150.1
16,TRAVAIL DU BOIS ET FABRICATION D'ARTICLES EN BOIS HORS MEUBLES,2021-04-01,145.9
16,TRAVAIL DU BOIS ET FABRICATION D'ARTICLES EN BOIS HORS MEUBLES,2021-05-01,124.3
16,TRAVAIL DU BOIS ET FABRICATION D'ARTICLES EN BOIS HORS MEUBLES,2021-06-01,143.5
16,TRAVAIL DU BOIS ET FABRICATION D'ARTICLES EN BOIS HORS MEUBLES,2021-07-01,143.6
16,TRAVAIL DU BOIS ET FABRICATION D'ARTICLES EN BOIS HORS MEUBLES,2021-08-01,159.2
16,TRAVAIL DU BOIS ET FABRICATION D'ARTICLES EN BOIS HORS MEUBLES,2021-09-01,156.2
16,TRAVAIL DU BOIS ET FABRICATION D'ARTICLES EN BOIS HORS MEUBLES,2021-10-01,426.6
16,TRAVAIL DU BOIS ET FABRICATION D'ARTICLES EN BOIS HORS MEUBLES,2021-11-01,296.7
16,TRAVAIL DU BOIS ET FABRICATION D'ARTICLES EN BOIS HORS MEUBLES,2021-12-01,146.2
16,TRAVAIL DU BOIS ET FABRICATION D'ARTICLES EN BOIS HORS MEUBLES,2022-01-01,130.6
16,TRAVAIL DU BOIS ET FABRICATION D'ARTICLES EN BOIS HORS MEUBLES,2022-02-01,276.6
16,TRAVAIL DU BOIS ET FABRICATION D'ARTICLES EN BOIS HORS MEUBLES,2022-03-01,242.1
17,FABRICATION DU PAPIER ET DU CARTON,2021-03-01,129.3
17,FABRICATION DU PAPIER ET DU CARTON,2021-04-01,138.6
17,FABRICATION DU PAPIER ET DU CARTON,2021-05-01,100.5
17,FABRICATION DU PAPIER ET DU CARTON,2021-06-01,102.4
17,FABRICATION DU PAPIER ET DU CARTON,2021-07-01,111.2
17,FABRICATION DU PAPIER ET DU CARTON,2021-08-01,109.9
17,FABRICATION DU PAPIER ET DU CARTON,2021-09-01,101.7
17,FABRICATION DU PAPIER ET DU CARTON,2021-10-01,112.7
17,FABRICATION DU PAPIER ET DU CARTON,2021-11-01,137.6
17,FABRICATION DU PAPIER ET DU CARTON,2021-12-01,108.3
17,FABRICATION DU PAPIER ET DU CARTON,2022-01-01,111.3
17,FABRICATION DU PAPIER ET DU CARTON,2022-02-01,112.8
17,FABRICATION DU PAPIER ET DU CARTON,2022-03-01,128.8
18,IMPRIMERIE ET REPRODUCTION D'ENREGISTREMENTS,2021-03-01,120.8
18,IMPRIMERIE ET REPRODUCTION D'ENREGISTREMENTS,2021-04-01,129.4
18,IMPRIMERIE ET REPRODUCTION D'ENREGISTREMENTS,2021-05-01,128.1
18,IMPRIMERIE ET REPRODUCTION D'ENREGISTREMENTS,2021-06-01,128.1
18,IMPRIMERIE ET REPRODUCTION D'ENREGISTREMENTS,2021-07-01,108.1
18,IMPRIMERIE ET REPRODUCTION D'ENREGISTREMENTS,2021-08-01,131.9
18,IMPRIMERIE ET REPRODUCTION D'ENREGISTREMENTS,2021-09-01,121.5
18,IMPRIMERIE ET REPRODUCTION D'ENREGISTREMENTS,2021-10-01,104.3
18,IMPRIMERIE ET REPRODUCTION D'ENREGISTREMENTS,2021-11-01,149.5
18,IMPRIMERIE ET REPRODUCTION D'ENREGISTREMENTS,2021-12-01,111.8
18,IMPRIMERIE ET REPRODUCTION D'ENREGISTREMENTS,2022-01-01,110
18,IMPRIMERIE ET REPRODUCTION D'ENREGISTREMENTS,2022-02-01,112.8
18,IMPRIMERIE ET REPRODUCTION D'ENREGISTREMENTS,2022-03-01,125.8
19,"RAFFINAGE PÉTROLIER, COKEFACTION",2021-03-01,113.5
19,"RAFFINAGE PÉTROLIER, COKEFACTION",2021-04-01,142.2
19,"RAFFINAGE PÉTROLIER, COKEFACTION",2021-05-01,132.3
19,"RAFFINAGE PÉTROLIER, COKEFACTION",2021-06-01,139.9
19,"RAFFINAGE PÉTROLIER, COKEFACTION",2021-07-01,140.4
19,"RAFFINAGE PÉTROLIER, COKEFACTION",2021-08-01,128.4
19,"RAFFINAGE PÉTROLIER, COKEFACTION",2021-09-01,133.1
19,"RAFFINAGE PÉTROLIER, COKEFACTION",2021-10-01,141.2
19,"RAFFINAGE PÉTROLIER, COKEFACTION",2021-11-01,150.9
19,"RAFFINAGE PÉTROLIER, COKEFACTION",2021-12-01,198.4
19,"RAFFINAGE PÉTROLIER, COKEFACTION",2022-01-01,166.2
19,"RAFFINAGE PÉTROLIER, COKEFACTION",2022-02-01,171.3
19,"RAFFINAGE PÉTROLIER, COKEFACTION",2022-03-01,204.5
20,FABRICATION DE PRODUITS CHIMIQUES,2021-03-01,176.6
20,FABRICATION DE PRODUITS CHIMIQUES,2021-04-01,173.4
20,FABRICATION DE PRODUITS CHIMIQUES,2021-05-01,135.1
20,FABRICATION DE PRODUITS CHIMIQUES,2021-06-01,168.7
20,FABRICATION DE PRODUITS CHIMIQUES,2021-07-01,160.1
20,FABRICATION DE PRODUITS CHIMIQUES,2021-08-01,179.2
20,FABRICATION DE PRODUITS CHIMIQUES,2021-09-01,178
20,FABRICATION DE PRODUITS CHIMIQUES,2021-10-01,182.6
20,FABRICATION DE PRODUITS CHIMIQUES,2021-11-01,205.8
20,FABRICATION DE PRODUITS CHIMIQUES,2021-12-01,203.7
20,FABRICATION DE PRODUITS CHIMIQUES,2022-01-01,219.4
20,FABRICATION DE PRODUITS CHIMIQUES,2022-02-01,223.4
20,FABRICATION DE PRODUITS CHIMIQUES,2022-03-01,231.9
21,FABRICATION DE PRODUITS PHARMACEUTIQUES,2021-03-01,85.6
21,FABRICATION DE PRODUITS PHARMACEUTIQUES,2021-04-01,85.6
21,FABRICATION DE PRODUITS PHARMACEUTIQUES,2021-05-01,74.8
21,FABRICATION DE PRODUITS PHARMACEUTIQUES,2021-06-01,84.7
21,FABRICATION DE PRODUITS PHARMACEUTIQUES,2021-07-01,84.1
21,FABRICATION DE PRODUITS PHARMACEUTIQUES,2021-08-01,79.6
21,FABRICATION DE PRODUITS PHARMACEUTIQUES,2021-09-01,101.7
21,FABRICATION DE PRODUITS PHARMACEUTIQUES,2021-10-01,103.1
21,FABRICATION DE PRODUITS PHARMACEUTIQUES,2021-11-01,103.3
21,FABRICATION DE PRODUITS PHARMACEUTIQUES,2021-12-01,75.9
21,FABRICATION DE PRODUITS PHARMACEUTIQUES,2022-01-01,126.4
21,FABRICATION DE PRODUITS PHARMACEUTIQUES,2022-02-01,79
21,FABRICATION DE PRODUITS PHARMACEUTIQUES,2022-03-01,99.4
22,TRAVAIL DU CAOUTCHOUC ET DU PLASTIQUE,2021-03-01,158.7
22,TRAVAIL DU CAOUTCHOUC ET DU PLASTIQUE,2021-04-01,148.3
22,TRAVAIL DU CAOUTCHOUC ET DU PLASTIQUE,2021-05-01,127.2
22,TRAVAIL DU CAOUTCHOUC ET DU PLASTIQUE,2021-06-01,157.5
22,TRAVAIL DU CAOUTCHOUC ET DU PLASTIQUE,2021-07-01,129.9
22,TRAVAIL DU CAOUTCHOUC ET DU PLASTIQUE,2021-08-01,133.7
22,TRAVAIL DU CAOUTCHOUC ET DU PLASTIQUE,2021-09-01,149.3
22,TRAVAIL DU CAOUTCHOUC ET DU PLASTIQUE,2021-10-01,143.4
22,TRAVAIL DU CAOUTCHOUC ET DU PLASTIQUE,2021-11-01,124.5
22,TRAVAIL DU CAOUTCHOUC ET DU PLASTIQUE,2021-12-01,146.1
22,TRAVAIL DU CAOUTCHOUC ET DU PLASTIQUE,2022-01-01,144.7
22,TRAVAIL DU CAOUTCHOUC ET DU PLASTIQUE,2022-02-01,144.5
22,TRAVAIL DU CAOUTCHOUC ET DU PLASTIQUE,2022-03-01,174.7
23,FABRICATION DE MATERIAUX MINERAUX,2021-03-01,147.8
23,FABRICATION DE MATERIAUX MINERAUX,2021-04-01,120.5
23,FABRICATION DE MATERIAUX MINERAUX,2021-05-01,116.1
23,FABRICATION DE MATERIAUX MINERAUX,2021-06-01,125.3
23,FABRICATION DE MATERIAUX MINERAUX,2021-07-01,116.9
23,FABRICATION DE MATERIAUX MINERAUX,2021-08-01,127.4
23,FABRICATION DE MATERIAUX MINERAUX,2021-09-01,127.4
23,FABRICATION DE MATERIAUX MINERAUX,2021-10-01,120.7
23,FABRICATION DE MATERIAUX MINERAUX,2021-11-01,128.8
23,FABRICATION DE MATERIAUX MINERAUX,2021-12-01,123.8
23,FABRICATION DE MATERIAUX MINERAUX,2022-01-01,134.2
23,FABRICATION DE MATERIAUX MINERAUX,2022-02-01,131.7
23,FABRICATION DE MATERIAUX MINERAUX,2022-03-01,178.3
24,MÉTALLURGIE,2021-03-01,164.9
24,MÉTALLURGIE,2021-04-01,147.5
24,MÉTALLURGIE,2021-05-01,143.8
24,MÉTALLURGIE,2021-06-01,133
24,MÉTALLURGIE,2021-07-01,166.4
24,MÉTALLURGIE,2021-08-01,175.2
24,MÉTALLURGIE,2021-09-01,177.2
24,MÉTALLURGIE,2021-10-01,147.8
24,MÉTALLURGIE,2021-11-01,173.9
24,MÉTALLURGIE,2021-12-01,223.2
24,MÉTALLURGIE,2022-01-01,212.9
24,MÉTALLURGIE,2022-02-01,218.8
24,MÉTALLURGIE,2022-03-01,231.9
25,FABRICATION D'OUVRAGES EN MÉTAUX,2021-03-01,141.5
25,FABRICATION D'OUVRAGES EN MÉTAUX,2021-04-01,128.6
25,FABRICATION D'OUVRAGES EN MÉTAUX,2021-05-01,112.6
25,FABRICATION D'OUVRAGES EN MÉTAUX,2021-06-01,116.2
25,FABRICATION D'OUVRAGES EN MÉTAUX,2021-07-01,127.3
25,FABRICATION D'OUVRAGES EN MÉTAUX,2021-08-01,111.3
25,FABRICATION D'OUVRAGES EN MÉTAUX,2021-09-01,115.2
25,FABRICATION D'OUVRAGES EN MÉTAUX,2021-10-01,128.8
25,FABRICATION D'OUVRAGES EN MÉTAUX,2021-11-01,141.8
25,FABRICATION D'OUVRAGES EN MÉTAUX,2021-12-01,208.1
25,FABRICATION D'OUVRAGES EN MÉTAUX,2022-01-01,113.2
25,FABRICATION D'OUVRAGES EN MÉTAUX,2022-02-01,149.1
25,FABRICATION D'OUVRAGES EN MÉTAUX,2022-03-01,177.8
27,FABRICATION D'EQUIPEMENTS ELECTRIQUES,2021-03-01,220.3
27,FABRICATION D'EQUIPEMENTS ELECTRIQUES,2021-04-01,168
27,FABRICATION D'EQUIPEMENTS ELECTRIQUES,2021-05-01,176.5
27,FABRICATION D'EQUIPEMENTS ELECTRIQUES,2021-06-01,245.5
27,FABRICATION D'EQUIPEMENTS ELECTRIQUES,2021-07-01,173.4
27,FABRICATION D'EQUIPEMENTS ELECTRIQUES,2021-08-01,205.9
27,FABRICATION D'EQUIPEMENTS ELECTRIQUES,2021-09-01,227.5
27,FABRICATION D'EQUIPEMENTS ELECTRIQUES,2021-10-01,242.5
27,FABRICATION D'EQUIPEMENTS ELECTRIQUES,2021-11-01,167
27,FABRICATION D'EQUIPEMENTS ELECTRIQUES,2021-12-01,251.2
27,FABRICATION D'EQUIPEMENTS ELECTRIQUES,2022-01-01,184.6
27,FABRICATION D'EQUIPEMENTS ELECTRIQUES,2022-02-01,222.7
27,FABRICATION D'EQUIPEMENTS ELECTRIQUES,2022-03-01,207.8
29,CONSTRUCTION DE VÉHICULES AUTOMOBILES,2021-03-01,247.4
29,CONSTRUCTION DE VÉHICULES AUTOMOBILES,2021-04-01,215.5
29,CONSTRUCTION DE VÉHICULES AUTOMOBILES,2021-05-01,558.7
29,CONSTRUCTION DE VÉHICULES AUTOMOBILES,2021-06-01,183.6
29,CONSTRUCTION DE VÉHICULES AUTOMOBILES,2021-07-01,199.5
29,CONSTRUCTION DE VÉHICULES AUTOMOBILES,2021-08-01,215.5
29,CONSTRUCTION DE VÉHICULES AUTOMOBILES,2021-09-01,167.6
29,CONSTRUCTION DE VÉHICULES AUTOMOBILES,2021-10-01,76.6
29,CONSTRUCTION DE VÉHICULES AUTOMOBILES,2021-11-01,71.8
29,CONSTRUCTION DE VÉHICULES AUTOMOBILES,2021-12-01,134.7
29,CONSTRUCTION DE VÉHICULES AUTOMOBILES,2022-01-01,202.4
29,CONSTRUCTION DE VÉHICULES AUTOMOBILES,2022-02-01,146.7
29,CONSTRUCTION DE VÉHICULES AUTOMOBILES,2022-03-01,50
30,FABRICATION D'AUTRES MATÉRIELS DE TRANSPORT,2021-03-01,102.8
30,FABRICATION D'AUTRES MATÉRIELS DE TRANSPORT,2021-04-01,10
30,FABRICATION D'AUTRES MATÉRIELS DE TRANSPORT,2021-05-01,12.3
30,FABRICATION D'AUTRES MATÉRIELS DE TRANSPORT,2021-06-01,7.5
30,FABRICATION D'AUTRES MATÉRIELS DE TRANSPORT,2021-07-01,10.4
30,FABRICATION D'AUTRES MATÉRIELS DE TRANSPORT,2021-08-01,13.4
30,FABRICATION D'AUTRES MATÉRIELS DE TRANSPORT,2021-09-01,74.6
30,FABRICATION D'AUTRES MATÉRIELS DE TRANSPORT,2021-10-01,67.2
30,FABRICATION D'AUTRES MATÉRIELS DE TRANSPORT,2021-11-01,37.3
30,FABRICATION D'AUTRES MATÉRIELS DE TRANSPORT,2021-12-01,0
30,FABRICATION D'AUTRES MATÉRIELS DE TRANSPORT,2022-01-01,0
30,FABRICATION D'AUTRES MATÉRIELS DE TRANSPORT,2022-02-01,104.5
30,FABRICATION D'AUTRES MATÉRIELS DE TRANSPORT,2022-03-01,97
31,FABRICATION DE MEUBLES ET MATELAS,2021-03-01,101.9
31,FABRICATION DE MEUBLES ET MATELAS,2021-04-01,80.9
31,FABRICATION DE MEUBLES ET MATELAS,2021-05-01,87.4
31,FABRICATION DE MEUBLES ET MATELAS,2021-06-01,98.3
31,FABRICATION DE MEUBLES ET MATELAS,2021-07-01,131.8
31,FABRICATION DE MEUBLES ET MATELAS,2021-08-01,110.2
31,FABRICATION DE MEUBLES ET MATELAS,2021-09-01,116.7
31,FABRICATION DE MEUBLES ET MATELAS,2021-10-01,91.4
31,FABRICATION DE MEUBLES ET MATELAS,2021-11-01,146.9
31,FABRICATION DE MEUBLES ET MATELAS,2021-12-01,172.2
31,FABRICATION DE MEUBLES ET MATELAS,2022-01-01,112.1
31,FABRICATION DE MEUBLES ET MATELAS,2022-02-01,64.3
31,FABRICATION DE MEUBLES ET MATELAS,2022-03-01,92.3
32,AUTRES INDUSTRIES MANUFACTURIERES,2021-03-01,92.9
32,AUTRES INDUSTRIES MANUFACTURIERES,2021-04-01,69.2
32,AUTRES INDUSTRIES MANUFACTURIERES,2021-05-01,101
32,AUTRES INDUSTRIES MANUFACTURIERES,2021-06-01,104
32,AUTRES INDUSTRIES MANUFACTURIERES,2021-07-01,128.1
32,AUTRES INDUSTRIES MANUFACTURIERES,2021-08-01,107.9
32,AUTRES INDUSTRIES MANUFACTURIERES,2021-09-01,186.3
32,AUTRES INDUSTRIES MANUFACTURIERES,2021-10-01,111.4
32,AUTRES INDUSTRIES MANUFACTURIERES,2021-11-01,204.4
32,AUTRES INDUSTRIES MANUFACTURIERES,2021-12-01,241.7
32,AUTRES INDUSTRIES MANUFACTURIERES,2022-01-01,107.2
32,AUTRES INDUSTRIES MANUFACTURIERES,2022-02-01,112.8
32,AUTRES INDUSTRIES MANUFACTURIERES,2022-03-01,140.4
33,REPARATION ET INSTALLATION DE MACHINES ET D'EQUIPEMENTS,2021-03-01,99.9
33,REPARATION ET INSTALLATION DE MACHINES ET D'EQUIPEMENTS,2021-04-01,98.3
33,REPARATION ET INSTALLATION DE MACHINES ET D'EQUIPEMENTS,2021-05-01,103
33,REPARATION ET INSTALLATION DE MACHINES ET D'EQUIPEMENTS,2021-06-01,83.9
33,REPARATION ET INSTALLATION DE MACHINES ET D'EQUIPEMENTS,2021-07-01,96.6
33,REPARATION ET INSTALLATION DE MACHINES ET D'EQUIPEMENTS,2021-08-01,96
33,REPARATION ET INSTALLATION DE MACHINES ET D'EQUIPEMENTS,2021-09-01,74.3
33,REPARATION ET INSTALLATION DE MACHINES ET D'EQUIPEMENTS,2021-10-01,93.1
33,REPARATION ET INSTALLATION DE MACHINES ET D'EQUIPEMENTS,2021-11-01,85.5
33,REPARATION ET INSTALLATION DE MACHINES ET D'EQUIPEMENTS,2021-12-01,111.7
33,REPARATION ET INSTALLATION DE MACHINES ET D'EQUIPEMENTS,2022-01-01,85.4
33,REPARATION ET INSTALLATION DE MACHINES ET D'EQUIPEMENTS,2022-02-01,89
33,REPARATION ET INSTALLATION DE MACHINES ET D'EQUIPEMENTS,2022-03-01,112.2
35,"PRODUCTION ET DISTRIBUTION D'ÉLECTRICITÉ ET DE GAZ,",2021-03-01,136.8
35,"PRODUCTION ET DISTRIBUTION D'ÉLECTRICITÉ ET DE GAZ,",2021-04-01,124.9
35,"PRODUCTION ET DISTRIBUTION D'ÉLECTRICITÉ ET DE GAZ,",2021-05-01,114.1
35,"PRODUCTION ET DISTRIBUTION D'ÉLECTRICITÉ ET DE GAZ,",2021-06-01,109.8
35,"PRODUCTION ET DISTRIBUTION D'ÉLECTRICITÉ ET DE GAZ,",2021-07-01,133.5
35,"PRODUCTION ET DISTRIBUTION D'ÉLECTRICITÉ ET DE GAZ,",2021-08-01,135
35,"PRODUCTION ET DISTRIBUTION D'ÉLECTRICITÉ ET DE GAZ,",2021-09-01,139.1
35,"PRODUCTION ET DISTRIBUTION D'ÉLECTRICITÉ ET DE GAZ,",2021-10-01,148.9
35,"PRODUCTION ET DISTRIBUTION D'ÉLECTRICITÉ ET DE GAZ,",2021-11-01,146
35,"PRODUCTION ET DISTRIBUTION D'ÉLECTRICITÉ ET DE GAZ,",2021-12-01,148.7
35,"PRODUCTION ET DISTRIBUTION D'ÉLECTRICITÉ ET DE GAZ,",2022-01-01,150.5
35,"PRODUCTION ET DISTRIBUTION D'ÉLECTRICITÉ ET DE GAZ,",2022-02-01,140.5
35,"PRODUCTION ET DISTRIBUTION D'ÉLECTRICITÉ ET DE GAZ,",2022-03-01,153
36,"CAPTAGE, TRAITEMENT ET DISTRIBUTION D'EAU",2021-03-01,139.1
36,"CAPTAGE, TRAITEMENT ET DISTRIBUTION D'EAU",2021-04-01,138.1
36,"CAPTAGE, TRAITEMENT ET DISTRIBUTION D'EAU",2021-05-01,138.2
36,"CAPTAGE, TRAITEMENT ET DISTRIBUTION D'EAU",2021-06-01,140.6
36,"CAPTAGE, TRAITEMENT ET DISTRIBUTION D'EAU",2021-07-01,139.9
36,"CAPTAGE, TRAITEMENT ET DISTRIBUTION D'EAU",2021-08-01,142.1
36,"CAPTAGE, TRAITEMENT ET DISTRIBUTION D'EAU",2021-09-01,140.9
36,"CAPTAGE, TRAITEMENT ET DISTRIBUTION D'EAU",2021-10-01,142.7
36,"CAPTAGE, TRAITEMENT ET DISTRIBUTION D'EAU",2021-11-01,139.6
36,"CAPTAGE, TRAITEMENT ET DISTRIBUTION D'EAU",2021-12-01,144
36,"CAPTAGE, TRAITEMENT ET DISTRIBUTION D'EAU",2022-01-01,145.1
36,"CAPTAGE, TRAITEMENT ET DISTRIBUTION D'EAU",2022-02-01,138.6
36,"CAPTAGE, TRAITEMENT ET DISTRIBUTION D'EAU",2022-03-01,145.5
37,COLLECTE ET TRAITEMENT DES EAUX USEES,2021-03-01,123.8
37,COLLECTE ET TRAITEMENT DES EAUX USEES,2021-04-01,108.1
37,COLLECTE ET TRAITEMENT DES EAUX USEES,2021-05-01,112.8
37,COLLECTE ET TRAITEMENT DES EAUX USEES,2021-06-01,117.4
37,COLLECTE ET TRAITEMENT DES EAUX USEES,2021-07-01,129.8
37,COLLECTE ET TRAITEMENT DES EAUX USEES,2021-08-01,97.7
37,COLLECTE ET TRAITEMENT DES EAUX USEES,2021-09-01,78.3
37,COLLECTE ET TRAITEMENT DES EAUX USEES,2021-10-01,92.6
37,COLLECTE ET TRAITEMENT DES EAUX USEES,2021-11-01,103.5
37,COLLECTE ET TRAITEMENT DES EAUX USEES,2021-12-01,105.6
37,COLLECTE ET TRAITEMENT DES EAUX USEES,2022-01-01,108.1
37,COLLECTE ET TRAITEMENT DES EAUX USEES,2022-02-01,103.7
37,COLLECTE ET TRAITEMENT DES EAUX USEES,2022-03-01,112.5
38,"COLLECTE, TRAITEMENT ET ELIMINATION DES DECHETS; RECUPERATION",2021-03-01,298.6
38,"COLLECTE, TRAITEMENT ET ELIMINATION DES DECHETS; RECUPERATION",2021-04-01,294.9
38,"COLLECTE, TRAITEMENT ET ELIMINATION DES DECHETS; RECUPERATION",2021-05-01,292.7
38,"COLLECTE, TRAITEMENT ET ELIMINATION DES DECHETS; RECUPERATION",2021-06-01,304.6
38,"COLLECTE, TRAITEMENT ET ELIMINATION DES DECHETS; RECUPERATION",2021-07-01,306.7
38,"COLLECTE, TRAITEMENT ET ELIMINATION DES DECHETS; RECUPERATION",2021-08-01,293.7
38,"COLLECTE, TRAITEMENT ET ELIMINATION DES DECHETS; RECUPERATION",2021-09-01,306.8
38,"COLLECTE, TRAITEMENT ET ELIMINATION DES DECHETS; RECUPERATION",2021-10-01,320.1
38,"COLLECTE, TRAITEMENT ET ELIMINATION DES DECHETS; RECUPERATION",2021-11-01,312.2
38,"COLLECTE, TRAITEMENT ET ELIMINATION DES DECHETS; RECUPERATION",2021-12-01,323.9
38,"COLLECTE, TRAITEMENT ET ELIMINATION DES DECHETS; RECUPERATION",2022-01-01,295.3
38,"COLLECTE, TRAITEMENT ET ELIMINATION DES DECHETS; RECUPERATION",2022-02-01,271.1
38,"COLLECTE, TRAITEMENT ET ELIMINATION DES DECHETS; RECUPERATION",2022-03-01,295.5
